-- MySQL dump 10.13  Distrib 5.7.19, for Linux (x86_64)
--
-- Host: localhost    Database: pymendo
-- ------------------------------------------------------
-- Server version	5.7.19-0ubuntu0.17.04.1

/*!40101 SET @OLD_CHARACTER_SET_CLIENT=@@CHARACTER_SET_CLIENT */;
/*!40101 SET @OLD_CHARACTER_SET_RESULTS=@@CHARACTER_SET_RESULTS */;
/*!40101 SET @OLD_COLLATION_CONNECTION=@@COLLATION_CONNECTION */;
/*!40101 SET NAMES utf8 */;
/*!40103 SET @OLD_TIME_ZONE=@@TIME_ZONE */;
/*!40103 SET TIME_ZONE='+00:00' */;
/*!40014 SET @OLD_UNIQUE_CHECKS=@@UNIQUE_CHECKS, UNIQUE_CHECKS=0 */;
/*!40014 SET @OLD_FOREIGN_KEY_CHECKS=@@FOREIGN_KEY_CHECKS, FOREIGN_KEY_CHECKS=0 */;
/*!40101 SET @OLD_SQL_MODE=@@SQL_MODE, SQL_MODE='NO_AUTO_VALUE_ON_ZERO' */;
/*!40111 SET @OLD_SQL_NOTES=@@SQL_NOTES, SQL_NOTES=0 */;

--
-- Table structure for table `fetch_licenses`
--

DROP TABLE IF EXISTS `fetch_licenses`;
/*!40101 SET @saved_cs_client     = @@character_set_client */;
/*!40101 SET character_set_client = utf8 */;
CREATE TABLE `fetch_licenses` (
  `probackground` tinyint(1) DEFAULT NULL,
  `ccsa` tinyint(1) DEFAULT NULL,
  `prolicensing` tinyint(1) DEFAULT NULL,
  `track_id` int(11) NOT NULL,
  `ccnd` tinyint(1) DEFAULT NULL,
  `ccnc` tinyint(1) DEFAULT NULL,
  `date_created` timestamp NOT NULL DEFAULT CURRENT_TIMESTAMP,
  `date_updated` timestamp NOT NULL DEFAULT CURRENT_TIMESTAMP ON UPDATE CURRENT_TIMESTAMP,
  PRIMARY KEY (`track_id`)
) ENGINE=InnoDB DEFAULT CHARSET=utf8;
/*!40101 SET character_set_client = @saved_cs_client */;

--
-- Dumping data for table `fetch_licenses`
--

LOCK TABLES `fetch_licenses` WRITE;
/*!40000 ALTER TABLE `fetch_licenses` DISABLE KEYS */;
INSERT INTO `fetch_licenses` VALUES (0,0,0,1465085,1,1,'2017-08-24 09:28:54','2017-08-24 09:47:48'),(0,0,0,1465086,1,1,'2017-08-24 09:28:54','2017-08-24 09:47:48'),(0,0,0,1466927,1,1,'2017-08-24 09:28:54','2017-08-24 09:47:48'),(0,0,0,1466928,1,1,'2017-08-24 09:28:54','2017-08-24 09:47:48'),(0,0,0,1466929,1,1,'2017-08-24 09:28:54','2017-08-24 09:47:48'),(0,1,0,1467380,0,1,'2017-08-24 09:28:54','2017-08-24 09:47:48'),(0,0,0,1473044,1,1,'2017-08-24 09:28:54','2017-08-24 09:47:48'),(0,0,0,1473045,1,1,'2017-08-24 09:28:54','2017-08-24 09:47:48'),(0,0,0,1473046,1,1,'2017-08-24 09:28:54','2017-08-24 09:47:48'),(0,0,0,1473047,1,1,'2017-08-24 09:28:54','2017-08-24 09:47:48'),(0,0,0,1473048,1,1,'2017-08-24 09:28:54','2017-08-24 09:47:48'),(0,0,0,1473049,1,1,'2017-08-24 09:28:54','2017-08-24 09:47:48'),(0,0,0,1473050,1,1,'2017-08-24 09:28:54','2017-08-24 09:47:48'),(0,0,0,1473051,1,1,'2017-08-24 09:28:54','2017-08-24 09:47:48'),(0,0,0,1473052,1,1,'2017-08-24 09:28:54','2017-08-24 09:47:48'),(0,0,0,1473053,1,1,'2017-08-24 09:28:54','2017-08-24 09:47:48'),(0,0,0,1473451,1,0,'2017-08-24 09:28:54','2017-08-24 09:47:48'),(0,1,0,1473511,0,1,'2017-08-24 09:28:54','2017-08-24 09:47:48'),(0,1,0,1473512,0,1,'2017-08-24 09:28:54','2017-08-24 09:47:48'),(0,1,0,1473518,0,1,'2017-08-24 09:28:54','2017-08-24 09:47:48'),(0,1,0,1473521,0,1,'2017-08-24 09:28:54','2017-08-24 09:47:48'),(0,0,0,1473522,1,0,'2017-08-24 09:28:54','2017-08-24 09:47:48'),(0,0,0,1473523,1,1,'2017-08-24 09:28:54','2017-08-24 09:47:48'),(0,0,0,1473525,1,0,'2017-08-24 09:28:54','2017-08-24 09:47:48'),(0,1,0,1473526,0,1,'2017-08-24 09:28:54','2017-08-24 09:47:48'),(0,1,0,1473527,0,1,'2017-08-24 09:28:54','2017-08-24 09:47:48'),(0,1,0,1473528,0,1,'2017-08-24 09:28:54','2017-08-24 09:47:48'),(0,1,0,1473530,0,1,'2017-08-24 09:28:54','2017-08-24 09:47:48'),(0,0,0,1473532,1,1,'2017-08-24 09:28:54','2017-08-24 09:47:48'),(0,1,0,1473533,0,0,'2017-08-24 09:28:54','2017-08-24 09:47:48'),(0,1,0,1473534,0,0,'2017-08-24 09:28:54','2017-08-24 09:47:48'),(0,1,0,1473535,0,0,'2017-08-24 09:28:54','2017-08-24 09:47:48'),(0,1,0,1473536,0,0,'2017-08-24 09:28:54','2017-08-24 09:47:48'),(0,1,0,1473537,0,0,'2017-08-24 09:28:54','2017-08-24 09:47:48'),(0,1,0,1473538,0,0,'2017-08-24 09:28:54','2017-08-24 09:47:48'),(0,0,0,1473539,0,0,'2017-08-24 09:28:54','2017-08-24 09:47:48'),(0,0,0,1473540,1,1,'2017-08-24 09:28:54','2017-08-24 09:47:48'),(0,0,0,1473541,1,1,'2017-08-24 09:28:54','2017-08-24 09:47:48'),(0,0,0,1473542,1,1,'2017-08-24 09:28:54','2017-08-24 09:47:48'),(0,0,0,1473543,1,1,'2017-08-24 09:28:54','2017-08-24 09:47:48'),(0,0,0,1473544,1,1,'2017-08-24 09:28:54','2017-08-24 09:47:48'),(0,0,0,1473545,1,1,'2017-08-24 09:28:54','2017-08-24 09:47:48'),(0,0,0,1473546,1,1,'2017-08-24 09:28:54','2017-08-24 09:47:48'),(0,0,0,1473547,1,1,'2017-08-24 09:28:54','2017-08-24 09:47:48'),(0,0,0,1473548,1,1,'2017-08-24 09:28:54','2017-08-24 09:47:48'),(0,0,0,1473549,1,1,'2017-08-24 09:28:54','2017-08-24 09:47:48'),(0,1,0,1473550,0,0,'2017-08-24 09:28:54','2017-08-24 09:47:48'),(0,0,0,1473551,1,0,'2017-08-24 09:28:54','2017-08-24 09:47:48'),(0,1,0,1473552,0,0,'2017-08-24 09:28:54','2017-08-24 09:47:48'),(0,0,0,1473566,1,1,'2017-08-24 09:28:54','2017-08-24 09:47:48'),(0,0,0,1473568,1,1,'2017-08-24 09:28:54','2017-08-24 09:47:48'),(0,1,0,1473592,0,1,'2017-08-24 09:28:54','2017-08-24 09:47:48'),(0,1,0,1473593,0,1,'2017-08-24 09:28:54','2017-08-24 09:47:48'),(0,1,0,1473594,0,1,'2017-08-24 09:28:54','2017-08-24 09:47:48'),(0,1,0,1473595,0,1,'2017-08-24 09:28:54','2017-08-24 09:47:48'),(0,1,0,1473596,0,1,'2017-08-24 09:28:54','2017-08-24 09:47:48'),(0,0,0,1473597,1,1,'2017-08-24 09:28:54','2017-08-24 09:47:48'),(0,0,0,1473598,1,1,'2017-08-24 09:28:54','2017-08-24 09:47:48'),(0,0,0,1473599,1,1,'2017-08-24 09:28:54','2017-08-24 09:47:48'),(0,0,0,1473600,1,1,'2017-08-24 09:28:54','2017-08-24 09:47:48'),(0,0,0,1473601,1,1,'2017-08-24 09:28:54','2017-08-24 09:47:48'),(0,0,0,1473602,1,1,'2017-08-24 09:28:54','2017-08-24 09:47:48'),(0,0,0,1473603,1,1,'2017-08-24 09:28:54','2017-08-24 09:47:48'),(0,0,0,1473604,1,1,'2017-08-24 09:28:54','2017-08-24 09:47:48'),(0,0,0,1473605,1,1,'2017-08-24 09:28:54','2017-08-24 09:47:48'),(0,0,0,1473606,1,1,'2017-08-24 09:28:54','2017-08-24 09:47:48'),(0,1,0,1473607,0,1,'2017-08-24 09:28:54','2017-08-24 09:47:48'),(0,1,0,1473608,0,1,'2017-08-24 09:28:54','2017-08-24 09:47:48'),(0,1,0,1473609,0,1,'2017-08-24 09:28:54','2017-08-24 09:47:48'),(0,1,0,1473610,0,1,'2017-08-24 09:28:54','2017-08-24 09:47:48'),(0,1,0,1473611,0,1,'2017-08-24 09:28:54','2017-08-24 09:47:48'),(0,1,0,1473612,0,1,'2017-08-24 09:28:54','2017-08-24 09:47:48'),(0,1,0,1473613,0,1,'2017-08-24 09:28:54','2017-08-24 09:47:48'),(0,1,0,1473614,0,1,'2017-08-24 09:28:54','2017-08-24 09:47:48'),(0,1,0,1473615,0,1,'2017-08-24 09:28:54','2017-08-24 09:47:48'),(0,1,0,1473616,0,1,'2017-08-24 09:28:54','2017-08-24 09:47:48'),(0,1,0,1473617,0,1,'2017-08-24 09:28:54','2017-08-24 09:47:48'),(0,1,0,1473618,0,1,'2017-08-24 09:28:54','2017-08-24 09:47:48'),(0,1,0,1473619,0,1,'2017-08-24 09:28:54','2017-08-24 09:47:48'),(0,1,0,1473620,0,1,'2017-08-24 09:28:54','2017-08-24 09:47:48'),(0,1,0,1473621,0,1,'2017-08-24 09:28:54','2017-08-24 09:47:48'),(0,1,0,1473622,0,1,'2017-08-24 09:28:54','2017-08-24 09:47:48'),(0,1,0,1473626,0,1,'2017-08-24 09:28:54','2017-08-24 09:47:48'),(0,0,0,1473629,1,1,'2017-08-24 09:28:54','2017-08-24 09:47:48'),(0,0,0,1473631,1,1,'2017-08-24 09:28:54','2017-08-24 09:47:48'),(0,0,0,1473635,0,0,'2017-08-24 09:28:54','2017-08-24 09:47:48'),(0,0,0,1473636,0,0,'2017-08-24 09:28:54','2017-08-24 09:47:48'),(0,1,0,1473637,0,1,'2017-08-24 09:28:54','2017-08-24 09:47:48'),(0,1,0,1473638,0,1,'2017-08-24 09:28:54','2017-08-24 09:47:48'),(0,1,0,1473639,0,1,'2017-08-24 09:28:54','2017-08-24 09:47:48'),(0,1,0,1473640,0,1,'2017-08-24 09:28:54','2017-08-24 09:47:48'),(0,1,0,1473641,0,1,'2017-08-24 09:28:54','2017-08-24 09:47:48'),(0,0,0,1473642,1,0,'2017-08-24 09:28:54','2017-08-24 09:47:48'),(0,1,0,1473643,0,1,'2017-08-24 09:28:54','2017-08-24 09:47:48'),(0,1,0,1473644,0,1,'2017-08-24 09:28:54','2017-08-24 09:47:48'),(0,1,0,1473645,0,1,'2017-08-24 09:28:54','2017-08-24 09:47:48'),(0,1,0,1473646,0,1,'2017-08-24 09:28:54','2017-08-24 09:47:48'),(0,1,0,1473647,0,1,'2017-08-24 09:28:54','2017-08-24 09:47:48'),(0,0,0,1473648,1,0,'2017-08-24 09:28:54','2017-08-24 09:47:48'),(0,0,0,1473649,1,0,'2017-08-24 09:28:54','2017-08-24 09:47:48'),(0,0,0,1473650,1,0,'2017-08-24 09:28:54','2017-08-24 09:47:48'),(0,0,0,1473651,1,0,'2017-08-24 09:28:54','2017-08-24 09:47:48'),(0,0,0,1473652,1,0,'2017-08-24 09:28:54','2017-08-24 09:47:48'),(0,0,0,1473653,1,0,'2017-08-24 09:28:54','2017-08-24 09:47:48'),(0,0,0,1473654,1,0,'2017-08-24 09:28:54','2017-08-24 09:47:48'),(0,0,0,1473656,1,0,'2017-08-24 09:28:54','2017-08-24 09:47:48'),(0,0,0,1473657,1,0,'2017-08-24 09:28:54','2017-08-24 09:47:48'),(0,0,0,1473658,1,0,'2017-08-24 09:28:54','2017-08-24 09:47:48'),(0,0,0,1473659,1,0,'2017-08-24 09:28:54','2017-08-24 09:47:48'),(0,0,0,1473660,1,0,'2017-08-24 09:28:54','2017-08-24 09:47:48'),(0,0,0,1473661,1,0,'2017-08-24 09:28:54','2017-08-24 09:47:48'),(0,1,0,1473663,0,1,'2017-08-24 09:28:54','2017-08-24 09:47:48'),(0,1,0,1473666,0,1,'2017-08-24 09:28:54','2017-08-24 09:47:48'),(0,0,0,1473667,0,0,'2017-08-24 09:28:54','2017-08-24 09:47:48'),(0,1,0,1473668,0,1,'2017-08-24 09:28:54','2017-08-24 09:47:48'),(0,0,0,1473669,1,1,'2017-08-24 09:28:54','2017-08-24 09:47:48'),(0,0,0,1473670,1,1,'2017-08-24 09:28:54','2017-08-24 09:47:48'),(0,0,0,1473672,1,1,'2017-08-24 09:28:54','2017-08-24 09:47:48'),(0,1,0,1473674,0,0,'2017-08-24 09:28:54','2017-08-24 09:47:48'),(0,0,0,1473675,1,1,'2017-08-24 09:28:54','2017-08-24 09:47:48'),(0,0,0,1473676,1,1,'2017-08-24 09:28:54','2017-08-24 09:47:48'),(0,0,0,1473677,1,1,'2017-08-24 09:28:54','2017-08-24 09:47:48'),(0,0,0,1473678,1,1,'2017-08-24 09:28:54','2017-08-24 09:47:48'),(0,1,0,1473693,0,1,'2017-08-24 09:28:54','2017-08-24 09:47:48'),(0,0,0,1473703,0,1,'2017-08-24 09:28:54','2017-08-24 09:47:48'),(0,0,0,1473704,1,1,'2017-08-24 09:28:54','2017-08-24 09:47:48'),(0,1,0,1473711,0,1,'2017-08-24 09:28:54','2017-08-24 09:47:48'),(0,1,0,1473712,0,1,'2017-08-24 09:28:54','2017-08-24 09:47:48'),(0,1,0,1473713,0,1,'2017-08-24 09:28:54','2017-08-24 09:47:48'),(0,1,0,1473714,0,1,'2017-08-24 09:28:54','2017-08-24 09:47:48'),(0,1,0,1473715,0,1,'2017-08-24 09:28:54','2017-08-24 09:47:48'),(0,1,0,1473716,0,1,'2017-08-24 09:28:54','2017-08-24 09:47:48'),(0,1,0,1473717,0,1,'2017-08-24 09:28:54','2017-08-24 09:47:48'),(0,1,0,1473718,0,1,'2017-08-24 09:28:54','2017-08-24 09:47:48'),(0,1,0,1473719,0,1,'2017-08-24 09:28:54','2017-08-24 09:47:48'),(0,0,0,1473720,1,0,'2017-08-24 09:28:54','2017-08-24 09:47:48'),(0,0,0,1473741,0,0,'2017-08-24 09:28:54','2017-08-24 09:47:48'),(0,0,0,1473742,0,0,'2017-08-24 09:28:54','2017-08-24 09:47:48'),(0,1,0,1473743,0,1,'2017-08-24 09:28:54','2017-08-24 09:47:48'),(0,0,0,1473744,0,0,'2017-08-24 09:28:54','2017-08-24 09:47:48'),(0,0,0,1473746,0,1,'2017-08-24 09:28:54','2017-08-24 09:47:48'),(0,1,0,1473747,0,0,'2017-08-24 09:28:54','2017-08-24 09:47:48'),(0,1,0,1473793,0,1,'2017-08-24 09:28:54','2017-08-24 09:47:48'),(0,0,0,1473795,1,0,'2017-08-24 09:28:54','2017-08-24 09:47:48'),(0,0,0,1473798,1,0,'2017-08-24 09:28:54','2017-08-24 09:47:48'),(0,1,0,1473799,0,1,'2017-08-24 09:28:54','2017-08-24 09:47:48'),(0,1,0,1473800,0,0,'2017-08-24 09:28:54','2017-08-24 09:47:48'),(0,1,0,1473801,0,1,'2017-08-24 09:28:54','2017-08-24 09:47:48'),(0,1,0,1473802,0,1,'2017-08-24 09:28:54','2017-08-24 09:47:48'),(0,1,0,1473803,0,1,'2017-08-24 09:28:54','2017-08-24 09:47:48'),(0,1,0,1473804,0,1,'2017-08-24 09:28:54','2017-08-24 09:47:48'),(0,0,0,1473806,1,1,'2017-08-24 09:28:54','2017-08-24 09:47:48'),(0,1,0,1473810,0,1,'2017-08-24 09:28:54','2017-08-24 09:47:48'),(0,1,0,1473811,0,1,'2017-08-24 09:28:54','2017-08-24 09:47:48'),(0,1,0,1473812,0,1,'2017-08-24 09:28:54','2017-08-24 09:47:48'),(0,1,0,1473813,0,1,'2017-08-24 09:28:54','2017-08-24 09:47:48'),(0,1,0,1473829,0,1,'2017-08-24 09:28:54','2017-08-24 09:47:48'),(0,1,0,1473830,0,1,'2017-08-24 09:28:54','2017-08-24 09:47:48'),(0,1,0,1473831,0,1,'2017-08-24 09:28:54','2017-08-24 09:47:48'),(0,1,0,1473848,0,1,'2017-08-24 09:28:54','2017-08-24 09:47:48'),(0,1,0,1473849,0,1,'2017-08-24 09:28:54','2017-08-24 09:47:48'),(0,1,0,1473850,0,1,'2017-08-24 09:28:54','2017-08-24 09:47:48'),(0,1,0,1473851,0,1,'2017-08-24 09:28:54','2017-08-24 09:47:48'),(0,1,0,1473852,0,1,'2017-08-24 09:28:54','2017-08-24 09:47:48'),(0,1,0,1473853,0,1,'2017-08-24 09:28:54','2017-08-24 09:47:48'),(0,1,0,1473854,0,1,'2017-08-24 09:28:54','2017-08-24 09:47:48'),(0,1,0,1473855,0,1,'2017-08-24 09:28:54','2017-08-24 09:47:48'),(0,1,0,1473863,0,1,'2017-08-24 09:28:54','2017-08-24 09:47:48'),(0,1,0,1473864,0,1,'2017-08-24 09:28:54','2017-08-24 09:47:48'),(0,1,0,1473865,0,1,'2017-08-24 09:28:54','2017-08-24 09:47:48'),(0,1,0,1473866,0,0,'2017-08-24 09:28:54','2017-08-24 09:47:48'),(0,0,0,1473867,1,1,'2017-08-24 09:28:54','2017-08-24 09:47:48'),(0,0,0,1473868,1,1,'2017-08-24 09:28:54','2017-08-24 09:47:48'),(0,0,0,1473869,0,1,'2017-08-24 09:28:54','2017-08-24 09:47:48'),(0,1,0,1473870,0,1,'2017-08-24 09:28:54','2017-08-24 09:47:48'),(0,1,0,1473871,0,1,'2017-08-24 09:28:54','2017-08-24 09:47:48'),(0,1,0,1473872,0,1,'2017-08-24 09:28:54','2017-08-24 09:47:48'),(0,1,0,1473873,0,1,'2017-08-24 09:28:54','2017-08-24 09:47:48'),(0,1,0,1473874,0,1,'2017-08-24 09:28:54','2017-08-24 09:47:48'),(0,1,0,1473875,0,1,'2017-08-24 09:28:54','2017-08-24 09:47:48'),(0,1,0,1473876,0,1,'2017-08-24 09:28:54','2017-08-24 09:47:48'),(0,0,0,1473877,1,1,'2017-08-24 09:28:54','2017-08-24 09:47:48'),(0,1,0,1473878,0,1,'2017-08-24 09:28:54','2017-08-24 09:47:48'),(0,0,0,1473880,1,1,'2017-08-24 09:28:54','2017-08-24 09:47:48'),(0,1,0,1473881,0,1,'2017-08-24 09:28:54','2017-08-24 09:47:48'),(0,1,0,1473882,0,1,'2017-08-24 09:28:54','2017-08-24 09:47:48'),(0,1,0,1473883,0,1,'2017-08-24 09:28:54','2017-08-24 09:47:48'),(0,1,0,1473884,0,1,'2017-08-24 09:28:54','2017-08-24 09:47:48'),(0,1,0,1473885,0,1,'2017-08-24 09:28:54','2017-08-24 09:47:48'),(0,1,0,1473886,0,1,'2017-08-24 09:28:54','2017-08-24 09:47:48'),(0,1,0,1473887,0,1,'2017-08-24 09:28:54','2017-08-24 09:47:48'),(0,1,0,1473888,0,1,'2017-08-24 09:28:54','2017-08-24 09:47:48'),(0,1,0,1473890,0,1,'2017-08-24 09:28:54','2017-08-24 09:47:48'),(0,1,0,1473891,0,1,'2017-08-24 09:28:54','2017-08-24 09:47:48'),(0,0,0,1473892,1,1,'2017-08-24 09:28:54','2017-08-24 09:47:48'),(0,1,0,1473893,0,0,'2017-08-24 09:28:54','2017-08-24 09:47:48'),(0,1,0,1473894,0,1,'2017-08-24 09:28:54','2017-08-24 09:47:48'),(0,0,0,1473895,1,0,'2017-08-24 09:28:54','2017-08-24 09:47:48'),(0,1,0,1473897,0,1,'2017-08-24 09:28:54','2017-08-24 09:47:48'),(0,1,0,1473898,0,1,'2017-08-24 09:28:54','2017-08-24 09:47:48');
/*!40000 ALTER TABLE `fetch_licenses` ENABLE KEYS */;
UNLOCK TABLES;

--
-- Table structure for table `fetch_musicinfo`
--

DROP TABLE IF EXISTS `fetch_musicinfo`;
/*!40101 SET @saved_cs_client     = @@character_set_client */;
/*!40101 SET character_set_client = utf8 */;
CREATE TABLE `fetch_musicinfo` (
  `lang` varchar(255) DEFAULT NULL,
  `acousticelectric` varchar(255) DEFAULT NULL,
  `gender` varchar(255) DEFAULT NULL,
  `track_id` int(11) NOT NULL,
  `vocalinstrumental` varchar(255) DEFAULT NULL,
  `speed` varchar(255) DEFAULT NULL,
  `date_created` timestamp NOT NULL DEFAULT CURRENT_TIMESTAMP,
  `date_updated` timestamp NOT NULL DEFAULT CURRENT_TIMESTAMP ON UPDATE CURRENT_TIMESTAMP,
  PRIMARY KEY (`track_id`)
) ENGINE=InnoDB DEFAULT CHARSET=utf8;
/*!40101 SET character_set_client = @saved_cs_client */;

--
-- Dumping data for table `fetch_musicinfo`
--

LOCK TABLES `fetch_musicinfo` WRITE;
/*!40000 ALTER TABLE `fetch_musicinfo` DISABLE KEYS */;
INSERT INTO `fetch_musicinfo` VALUES ('','','',1465085,'','','2017-08-24 09:19:28','2017-08-24 09:47:48'),('','','',1465086,'instrumental','','2017-08-24 09:19:28','2017-08-24 09:47:48'),('','','',1466927,'','','2017-08-24 09:19:28','2017-08-24 09:47:48'),('','','',1466928,'','','2017-08-24 09:19:28','2017-08-24 09:47:48'),('','','',1466929,'','','2017-08-24 09:19:28','2017-08-24 09:47:48'),('','','',1467380,'','','2017-08-24 09:19:28','2017-08-24 09:47:48'),('','','',1473044,'','','2017-08-24 09:19:28','2017-08-24 09:47:48'),('','','',1473045,'','','2017-08-24 09:19:28','2017-08-24 09:47:48'),('','','',1473046,'','','2017-08-24 09:19:28','2017-08-24 09:47:48'),('','','',1473047,'','','2017-08-24 09:19:28','2017-08-24 09:47:48'),('','','',1473048,'','','2017-08-24 09:19:28','2017-08-24 09:47:48'),('','','',1473049,'','','2017-08-24 09:19:28','2017-08-24 09:47:48'),('','','',1473050,'','','2017-08-24 09:19:28','2017-08-24 09:47:48'),('','','',1473051,'','','2017-08-24 09:19:28','2017-08-24 09:47:48'),('','','',1473052,'','','2017-08-24 09:19:28','2017-08-24 09:47:48'),('','','',1473053,'','','2017-08-24 09:19:28','2017-08-24 09:47:48'),('fr','','',1473451,'','','2017-08-24 09:19:28','2017-08-24 09:47:48'),('','','',1473511,'instrumental','medium','2017-08-24 09:19:28','2017-08-24 09:47:48'),('','','',1473512,'instrumental','medium','2017-08-24 09:19:28','2017-08-24 09:47:48'),('','','',1473518,'instrumental','medium','2017-08-24 09:19:28','2017-08-24 09:47:48'),('en','','female',1473521,'vocal','medium','2017-08-24 09:19:28','2017-08-24 09:47:48'),('it','','',1473522,'','','2017-08-24 09:19:28','2017-08-24 09:47:48'),('','','male',1473523,'vocal','medium','2017-08-24 09:19:28','2017-08-24 09:47:48'),('','','',1473525,'','','2017-08-24 09:19:28','2017-08-24 09:47:48'),('','','',1473526,'','','2017-08-24 09:19:28','2017-08-24 09:47:48'),('','','',1473527,'','','2017-08-24 09:19:28','2017-08-24 09:47:48'),('','','',1473528,'','','2017-08-24 09:19:28','2017-08-24 09:47:48'),('','','',1473530,'','','2017-08-24 09:19:28','2017-08-24 09:47:48'),('','','',1473532,'','','2017-08-24 09:19:28','2017-08-24 09:47:48'),('','','',1473533,'','','2017-08-24 09:19:28','2017-08-24 09:47:48'),('','','',1473534,'','','2017-08-24 09:19:28','2017-08-24 09:47:48'),('','','',1473535,'','','2017-08-24 09:19:28','2017-08-24 09:47:48'),('','','',1473536,'','','2017-08-24 09:19:28','2017-08-24 09:47:48'),('','','',1473537,'','','2017-08-24 09:19:28','2017-08-24 09:47:48'),('','','',1473538,'','','2017-08-24 09:19:28','2017-08-24 09:47:48'),('','','',1473539,'','','2017-08-24 09:19:28','2017-08-24 09:47:48'),('','','',1473540,'','','2017-08-24 09:19:28','2017-08-24 09:47:48'),('sa','','',1473541,'','','2017-08-24 09:19:28','2017-08-24 09:47:48'),('sa','','',1473542,'','','2017-08-24 09:19:28','2017-08-24 09:47:48'),('sa','','',1473543,'','','2017-08-24 09:19:28','2017-08-24 09:47:48'),('','','',1473544,'','','2017-08-24 09:19:28','2017-08-24 09:47:48'),('sa','','',1473545,'','','2017-08-24 09:19:28','2017-08-24 09:47:48'),('sa','','',1473546,'','','2017-08-24 09:19:28','2017-08-24 09:47:48'),('','','',1473547,'','','2017-08-24 09:19:28','2017-08-24 09:47:48'),('sa','','',1473548,'','','2017-08-24 09:19:28','2017-08-24 09:47:48'),('','','',1473549,'','','2017-08-24 09:19:28','2017-08-24 09:47:48'),('','','',1473550,'','','2017-08-24 09:19:28','2017-08-24 09:47:48'),('','','',1473551,'instrumental','','2017-08-24 09:19:28','2017-08-24 09:47:48'),('','','',1473552,'','','2017-08-24 09:19:28','2017-08-24 09:47:48'),('','','',1473566,'','','2017-08-24 09:19:28','2017-08-24 09:47:48'),('','','',1473568,'','','2017-08-24 09:19:28','2017-08-24 09:47:48'),('','','',1473592,'','','2017-08-24 09:19:28','2017-08-24 09:47:48'),('','','',1473593,'','','2017-08-24 09:19:28','2017-08-24 09:47:48'),('','','',1473594,'','','2017-08-24 09:19:28','2017-08-24 09:47:48'),('','','',1473595,'','','2017-08-24 09:19:28','2017-08-24 09:47:48'),('','','',1473596,'','','2017-08-24 09:19:28','2017-08-24 09:47:48'),('','','',1473597,'instrumental','','2017-08-24 09:19:28','2017-08-24 09:47:48'),('','','',1473598,'instrumental','','2017-08-24 09:19:28','2017-08-24 09:47:48'),('','','',1473599,'instrumental','','2017-08-24 09:19:28','2017-08-24 09:47:48'),('','','',1473600,'instrumental','','2017-08-24 09:19:28','2017-08-24 09:47:48'),('','','',1473601,'instrumental','','2017-08-24 09:19:28','2017-08-24 09:47:48'),('','','',1473602,'instrumental','','2017-08-24 09:19:28','2017-08-24 09:47:48'),('','','',1473603,'instrumental','','2017-08-24 09:19:28','2017-08-24 09:47:48'),('','','',1473604,'instrumental','','2017-08-24 09:19:28','2017-08-24 09:47:48'),('','','',1473605,'instrumental','','2017-08-24 09:19:28','2017-08-24 09:47:48'),('','','',1473606,'instrumental','','2017-08-24 09:19:28','2017-08-24 09:47:48'),('','','',1473607,'','','2017-08-24 09:19:28','2017-08-24 09:47:48'),('','','',1473608,'','','2017-08-24 09:19:28','2017-08-24 09:47:48'),('','','',1473609,'','','2017-08-24 09:19:28','2017-08-24 09:47:48'),('','','',1473610,'','','2017-08-24 09:19:28','2017-08-24 09:47:48'),('','','',1473611,'instrumental','','2017-08-24 09:19:28','2017-08-24 09:47:48'),('','','',1473612,'','','2017-08-24 09:19:28','2017-08-24 09:47:48'),('','','',1473613,'','','2017-08-24 09:19:28','2017-08-24 09:47:48'),('','','',1473614,'','','2017-08-24 09:19:28','2017-08-24 09:47:48'),('','','',1473615,'','','2017-08-24 09:19:28','2017-08-24 09:47:48'),('','','',1473616,'','','2017-08-24 09:19:28','2017-08-24 09:47:48'),('','','',1473617,'','','2017-08-24 09:19:28','2017-08-24 09:47:48'),('','','',1473618,'','','2017-08-24 09:19:28','2017-08-24 09:47:48'),('','','',1473619,'','','2017-08-24 09:19:28','2017-08-24 09:47:48'),('','','',1473620,'','','2017-08-24 09:19:28','2017-08-24 09:47:48'),('','','',1473621,'','','2017-08-24 09:19:28','2017-08-24 09:47:48'),('','','',1473622,'','','2017-08-24 09:19:28','2017-08-24 09:47:48'),('','','',1473626,'','','2017-08-24 09:19:28','2017-08-24 09:47:48'),('en','','',1473629,'','','2017-08-24 09:19:28','2017-08-24 09:47:48'),('','','',1473631,'instrumental','','2017-08-24 09:19:28','2017-08-24 09:47:48'),('','','',1473635,'','','2017-08-24 09:19:28','2017-08-24 09:47:48'),('','','',1473636,'','','2017-08-24 09:19:28','2017-08-24 09:47:48'),('','','',1473637,'','','2017-08-24 09:19:28','2017-08-24 09:47:48'),('','','',1473638,'','','2017-08-24 09:19:28','2017-08-24 09:47:48'),('','','',1473639,'','','2017-08-24 09:19:28','2017-08-24 09:47:48'),('','','',1473640,'','','2017-08-24 09:19:28','2017-08-24 09:47:48'),('','','',1473641,'','','2017-08-24 09:19:28','2017-08-24 09:47:48'),('fr','','',1473642,'','','2017-08-24 09:19:28','2017-08-24 09:47:48'),('','','',1473643,'','','2017-08-24 09:19:28','2017-08-24 09:47:48'),('','','',1473644,'','','2017-08-24 09:19:28','2017-08-24 09:47:48'),('','','',1473645,'','','2017-08-24 09:19:28','2017-08-24 09:47:48'),('','','',1473646,'','','2017-08-24 09:19:28','2017-08-24 09:47:48'),('','','',1473647,'','','2017-08-24 09:19:28','2017-08-24 09:47:48'),('','','',1473648,'','','2017-08-24 09:19:28','2017-08-24 09:47:48'),('fr','','',1473649,'','','2017-08-24 09:19:28','2017-08-24 09:47:48'),('','','',1473650,'instrumental','','2017-08-24 09:19:28','2017-08-24 09:47:48'),('','','',1473651,'','','2017-08-24 09:19:28','2017-08-24 09:47:48'),('fr','','',1473652,'','','2017-08-24 09:19:28','2017-08-24 09:47:48'),('','','',1473653,'instrumental','','2017-08-24 09:19:28','2017-08-24 09:47:48'),('','','',1473654,'instrumental','','2017-08-24 09:19:28','2017-08-24 09:47:48'),('fr','','',1473656,'','','2017-08-24 09:19:28','2017-08-24 09:47:48'),('fr','','',1473657,'','','2017-08-24 09:19:28','2017-08-24 09:47:48'),('fr','','',1473658,'','','2017-08-24 09:19:28','2017-08-24 09:47:48'),('fr','','',1473659,'','','2017-08-24 09:19:28','2017-08-24 09:47:48'),('','','',1473660,'','','2017-08-24 09:19:28','2017-08-24 09:47:48'),('fr','','',1473661,'','','2017-08-24 09:19:28','2017-08-24 09:47:48'),('','','',1473663,'','','2017-08-24 09:19:28','2017-08-24 09:47:48'),('','','',1473666,'','','2017-08-24 09:19:28','2017-08-24 09:47:48'),('','','',1473667,'','','2017-08-24 09:19:28','2017-08-24 09:47:48'),('','','',1473668,'instrumental','','2017-08-24 09:19:28','2017-08-24 09:47:48'),('','','',1473669,'instrumental','','2017-08-24 09:19:28','2017-08-24 09:47:48'),('','','',1473670,'instrumental','','2017-08-24 09:19:28','2017-08-24 09:47:48'),('','','',1473672,'instrumental','','2017-08-24 09:19:28','2017-08-24 09:47:48'),('','','',1473674,'','','2017-08-24 09:19:28','2017-08-24 09:47:48'),('','','',1473675,'','','2017-08-24 09:19:28','2017-08-24 09:47:48'),('','','',1473676,'','','2017-08-24 09:19:28','2017-08-24 09:47:48'),('','','',1473677,'','','2017-08-24 09:19:28','2017-08-24 09:47:48'),('','','',1473678,'','','2017-08-24 09:19:28','2017-08-24 09:47:48'),('','','',1473693,'','','2017-08-24 09:19:28','2017-08-24 09:47:48'),('','','',1473703,'','','2017-08-24 09:19:28','2017-08-24 09:47:48'),('','','',1473704,'','','2017-08-24 09:19:28','2017-08-24 09:47:48'),('','','',1473711,'','','2017-08-24 09:19:28','2017-08-24 09:47:48'),('','','',1473712,'','','2017-08-24 09:19:28','2017-08-24 09:47:48'),('','','',1473713,'','','2017-08-24 09:19:28','2017-08-24 09:47:48'),('','','',1473714,'','','2017-08-24 09:19:28','2017-08-24 09:47:48'),('','','',1473715,'','','2017-08-24 09:19:28','2017-08-24 09:47:48'),('','','',1473716,'','','2017-08-24 09:19:28','2017-08-24 09:47:48'),('','','',1473717,'','','2017-08-24 09:19:28','2017-08-24 09:47:48'),('','','',1473718,'','','2017-08-24 09:19:28','2017-08-24 09:47:48'),('','','',1473719,'','','2017-08-24 09:19:28','2017-08-24 09:47:48'),('','','',1473720,'','','2017-08-24 09:19:28','2017-08-24 09:47:48'),('ru','','',1473741,'','','2017-08-24 09:19:28','2017-08-24 09:47:48'),('','','',1473742,'','','2017-08-24 09:19:28','2017-08-24 09:47:48'),('fr','','',1473743,'','','2017-08-24 09:19:28','2017-08-24 09:47:48'),('ru','','',1473744,'','','2017-08-24 09:19:28','2017-08-24 09:47:48'),('','','',1473746,'instrumental','','2017-08-24 09:19:28','2017-08-24 09:47:48'),('','','',1473747,'','','2017-08-24 09:19:28','2017-08-24 09:47:48'),('la','','',1473793,'','','2017-08-24 09:19:28','2017-08-24 09:47:48'),('','','',1473795,'','','2017-08-24 09:19:28','2017-08-24 09:47:48'),('','','',1473798,'','','2017-08-24 09:19:28','2017-08-24 09:47:48'),('','','',1473799,'','','2017-08-24 09:19:28','2017-08-24 09:47:48'),('','','',1473800,'','','2017-08-24 09:19:28','2017-08-24 09:47:48'),('en','','',1473801,'','','2017-08-24 09:19:28','2017-08-24 09:47:48'),('','','',1473802,'','','2017-08-24 09:19:28','2017-08-24 09:47:48'),('','','',1473803,'instrumental','','2017-08-24 09:19:28','2017-08-24 09:47:48'),('','','',1473804,'','','2017-08-24 09:19:28','2017-08-24 09:47:48'),('','','',1473806,'','','2017-08-24 09:19:28','2017-08-24 09:47:48'),('','','',1473810,'','','2017-08-24 09:19:28','2017-08-24 09:47:48'),('','','',1473811,'','','2017-08-24 09:19:28','2017-08-24 09:47:48'),('','','',1473812,'','','2017-08-24 09:19:28','2017-08-24 09:47:48'),('','','',1473813,'','','2017-08-24 09:19:28','2017-08-24 09:47:48'),('','','',1473829,'','','2017-08-24 09:19:28','2017-08-24 09:47:48'),('','electric','',1473830,'','','2017-08-24 09:19:28','2017-08-24 09:47:48'),('','electric','',1473831,'','','2017-08-24 09:19:28','2017-08-24 09:47:48'),('','','',1473848,'','','2017-08-24 09:19:28','2017-08-24 09:47:48'),('','','',1473849,'','','2017-08-24 09:19:28','2017-08-24 09:47:48'),('','','',1473850,'','','2017-08-24 09:19:28','2017-08-24 09:47:48'),('','','',1473851,'','','2017-08-24 09:19:28','2017-08-24 09:47:48'),('','','',1473852,'','','2017-08-24 09:19:28','2017-08-24 09:47:48'),('','','',1473853,'','','2017-08-24 09:19:28','2017-08-24 09:47:48'),('','','',1473854,'','','2017-08-24 09:19:28','2017-08-24 09:47:48'),('','','',1473855,'','','2017-08-24 09:19:28','2017-08-24 09:47:48'),('','','',1473863,'','','2017-08-24 09:19:28','2017-08-24 09:47:48'),('','','',1473864,'','','2017-08-24 09:19:28','2017-08-24 09:47:48'),('','','',1473865,'','','2017-08-24 09:19:28','2017-08-24 09:47:48'),('','','',1473866,'','','2017-08-24 09:19:28','2017-08-24 09:47:48'),('en','','',1473867,'','','2017-08-24 09:19:28','2017-08-24 09:47:48'),('','','',1473868,'instrumental','','2017-08-24 09:19:28','2017-08-24 09:47:48'),('','','',1473869,'','','2017-08-24 09:19:28','2017-08-24 09:47:48'),('','','',1473870,'','medium','2017-08-24 09:19:28','2017-08-24 09:47:48'),('en','','',1473871,'','','2017-08-24 09:19:28','2017-08-24 09:47:48'),('','','',1473872,'','','2017-08-24 09:19:28','2017-08-24 09:47:48'),('','','',1473873,'','','2017-08-24 09:19:28','2017-08-24 09:47:48'),('','','',1473874,'','','2017-08-24 09:19:28','2017-08-24 09:47:48'),('','','',1473875,'','','2017-08-24 09:19:28','2017-08-24 09:47:48'),('','','',1473876,'','','2017-08-24 09:19:28','2017-08-24 09:47:48'),('','','',1473877,'','','2017-08-24 09:19:28','2017-08-24 09:47:48'),('it','','',1473878,'','','2017-08-24 09:19:28','2017-08-24 09:47:48'),('','','',1473880,'','','2017-08-24 09:19:28','2017-08-24 09:47:48'),('it','','',1473881,'','','2017-08-24 09:19:28','2017-08-24 09:47:48'),('it','','',1473882,'','','2017-08-24 09:19:28','2017-08-24 09:47:48'),('it','','',1473883,'','','2017-08-24 09:19:28','2017-08-24 09:47:48'),('it','','',1473884,'','','2017-08-24 09:19:28','2017-08-24 09:47:48'),('it','','',1473885,'','','2017-08-24 09:19:28','2017-08-24 09:47:48'),('','','',1473886,'','','2017-08-24 09:19:28','2017-08-24 09:47:48'),('it','','',1473887,'','','2017-08-24 09:19:28','2017-08-24 09:47:48'),('it','','',1473888,'','','2017-08-24 09:19:28','2017-08-24 09:47:48'),('it','','',1473890,'','','2017-08-24 09:19:28','2017-08-24 09:47:48'),('it','','',1473891,'','','2017-08-24 09:19:28','2017-08-24 09:47:48'),('','','',1473892,'instrumental','','2017-08-24 09:19:28','2017-08-24 09:47:48'),('en','','',1473893,'','','2017-08-24 09:19:28','2017-08-24 09:47:48'),('','','',1473894,'','','2017-08-24 09:19:28','2017-08-24 09:47:48'),('fr','','',1473895,'','','2017-08-24 09:19:28','2017-08-24 09:47:48'),('','','',1473897,'','','2017-08-24 09:19:28','2017-08-24 09:47:48'),('','','',1473898,'','','2017-08-24 09:19:28','2017-08-24 09:47:48');
/*!40000 ALTER TABLE `fetch_musicinfo` ENABLE KEYS */;
UNLOCK TABLES;

--
-- Table structure for table `fetch_stats`
--

DROP TABLE IF EXISTS `fetch_stats`;
/*!40101 SET @saved_cs_client     = @@character_set_client */;
/*!40101 SET character_set_client = utf8 */;
CREATE TABLE `fetch_stats` (
  `favorited` int(11) DEFAULT NULL,
  `rate_downloads_total` int(11) DEFAULT NULL,
  `notes` int(11) DEFAULT NULL,
  `avgnote` float DEFAULT NULL,
  `dislikes` int(11) DEFAULT NULL,
  `track_id` int(11) NOT NULL,
  `likes` int(11) DEFAULT NULL,
  `rate_listened_total` int(11) DEFAULT NULL,
  `playlisted` int(11) DEFAULT NULL,
  `date_created` timestamp NOT NULL DEFAULT CURRENT_TIMESTAMP,
  `date_updated` timestamp NOT NULL DEFAULT CURRENT_TIMESTAMP ON UPDATE CURRENT_TIMESTAMP,
  `date` date NOT NULL,
  PRIMARY KEY (`track_id`,`date`)
) ENGINE=InnoDB DEFAULT CHARSET=utf8;
/*!40101 SET character_set_client = @saved_cs_client */;

--
-- Dumping data for table `fetch_stats`
--

LOCK TABLES `fetch_stats` WRITE;
/*!40000 ALTER TABLE `fetch_stats` DISABLE KEYS */;
INSERT INTO `fetch_stats` VALUES (0,1,0,0,0,1465085,0,51,0,'2017-08-24 09:36:46','2017-08-24 09:47:48','2017-08-24'),(0,2,0,0,0,1465086,0,44,0,'2017-08-24 09:36:46','2017-08-24 09:47:48','2017-08-24'),(0,0,0,0,0,1466927,0,1,0,'2017-08-24 09:36:45','2017-08-24 09:47:48','2017-08-24'),(0,0,0,0,0,1466928,0,2,0,'2017-08-24 09:36:45','2017-08-24 09:47:48','2017-08-24'),(0,0,0,0,0,1466929,0,2,0,'2017-08-24 09:36:45','2017-08-24 09:47:48','2017-08-24'),(0,0,0,0,0,1467380,0,3,0,'2017-08-24 09:36:45','2017-08-24 09:47:48','2017-08-24'),(0,0,0,0,0,1473044,0,9,0,'2017-08-24 09:36:46','2017-08-24 09:47:48','2017-08-24'),(0,0,0,0,0,1473045,0,2,0,'2017-08-24 09:36:46','2017-08-24 09:47:48','2017-08-24'),(0,0,0,0,0,1473046,0,2,0,'2017-08-24 09:36:46','2017-08-24 09:47:48','2017-08-24'),(0,0,0,0,0,1473047,0,5,0,'2017-08-24 09:36:46','2017-08-24 09:47:48','2017-08-24'),(0,0,0,0,0,1473048,0,8,0,'2017-08-24 09:36:46','2017-08-24 09:47:48','2017-08-24'),(0,0,0,0,0,1473049,0,2,0,'2017-08-24 09:36:46','2017-08-24 09:47:48','2017-08-24'),(0,0,0,0,0,1473050,0,2,0,'2017-08-24 09:36:46','2017-08-24 09:47:48','2017-08-24'),(0,0,0,0,0,1473051,0,27,0,'2017-08-24 09:36:46','2017-08-24 09:47:48','2017-08-24'),(0,0,0,0,0,1473052,0,16,0,'2017-08-24 09:36:46','2017-08-24 09:47:48','2017-08-24'),(0,0,0,0,0,1473053,0,33,0,'2017-08-24 09:36:46','2017-08-24 09:47:48','2017-08-24'),(0,1,0,0,0,1473451,0,32,0,'2017-08-24 09:36:46','2017-08-24 09:47:48','2017-08-24'),(0,0,0,0,0,1473511,0,15,0,'2017-08-24 09:36:46','2017-08-24 09:47:48','2017-08-24'),(0,1,0,0,0,1473512,0,15,0,'2017-08-24 09:36:46','2017-08-24 09:47:48','2017-08-24'),(0,1,0,0,0,1473518,0,25,0,'2017-08-24 09:36:46','2017-08-24 09:47:48','2017-08-24'),(0,2,0,0,0,1473521,0,88,0,'2017-08-24 09:36:46','2017-08-24 09:47:48','2017-08-24'),(0,0,0,0,0,1473522,0,13,0,'2017-08-24 09:36:45','2017-08-24 09:47:48','2017-08-24'),(0,1,0,0,0,1473523,0,43,0,'2017-08-24 09:36:46','2017-08-24 09:47:48','2017-08-24'),(0,2,0,0,0,1473525,0,26,0,'2017-08-24 09:36:46','2017-08-24 09:47:48','2017-08-24'),(0,5,0,0,0,1473526,0,85,0,'2017-08-24 09:36:46','2017-08-24 09:47:48','2017-08-24'),(0,5,0,0,0,1473527,0,83,0,'2017-08-24 09:36:46','2017-08-24 09:47:48','2017-08-24'),(0,4,0,0,0,1473528,0,70,0,'2017-08-24 09:36:46','2017-08-24 09:47:48','2017-08-24'),(1,2,0,0,0,1473530,0,114,2,'2017-08-24 09:36:46','2017-08-24 09:47:48','2017-08-24'),(0,1,0,0,0,1473532,0,54,0,'2017-08-24 09:36:46','2017-08-24 09:47:48','2017-08-24'),(0,1,0,0,0,1473533,0,51,0,'2017-08-24 09:36:46','2017-08-24 09:47:48','2017-08-24'),(0,0,0,0,0,1473534,0,31,0,'2017-08-24 09:36:46','2017-08-24 09:47:48','2017-08-24'),(0,1,0,0,0,1473535,0,20,0,'2017-08-24 09:36:46','2017-08-24 09:47:48','2017-08-24'),(0,0,0,0,0,1473536,0,20,0,'2017-08-24 09:36:46','2017-08-24 09:47:48','2017-08-24'),(0,2,0,0,0,1473537,0,24,0,'2017-08-24 09:36:46','2017-08-24 09:47:48','2017-08-24'),(0,1,0,0,0,1473538,0,43,0,'2017-08-24 09:36:46','2017-08-24 09:47:48','2017-08-24'),(0,3,0,0,0,1473539,0,74,0,'2017-08-24 09:36:46','2017-08-24 09:47:48','2017-08-24'),(0,0,0,0,0,1473540,0,30,0,'2017-08-24 09:36:46','2017-08-24 09:47:48','2017-08-24'),(0,0,0,0,0,1473541,0,7,0,'2017-08-24 09:36:46','2017-08-24 09:47:48','2017-08-24'),(0,0,0,0,0,1473542,0,8,0,'2017-08-24 09:36:46','2017-08-24 09:47:48','2017-08-24'),(0,0,0,0,0,1473543,0,5,0,'2017-08-24 09:36:46','2017-08-24 09:47:48','2017-08-24'),(0,1,0,0,0,1473544,0,12,0,'2017-08-24 09:36:46','2017-08-24 09:47:48','2017-08-24'),(0,1,0,0,0,1473545,0,14,0,'2017-08-24 09:36:46','2017-08-24 09:47:48','2017-08-24'),(0,0,0,0,0,1473546,0,16,0,'2017-08-24 09:36:46','2017-08-24 09:47:48','2017-08-24'),(0,2,0,0,0,1473547,0,32,0,'2017-08-24 09:36:46','2017-08-24 09:47:48','2017-08-24'),(0,1,0,0,0,1473548,0,19,0,'2017-08-24 09:36:46','2017-08-24 09:47:48','2017-08-24'),(1,1,0,0,0,1473549,0,49,1,'2017-08-24 09:36:46','2017-08-24 09:47:48','2017-08-24'),(0,4,0,0,0,1473550,0,78,0,'2017-08-24 09:36:46','2017-08-24 09:47:48','2017-08-24'),(0,2,0,0,0,1473551,0,58,0,'2017-08-24 09:36:46','2017-08-24 09:47:48','2017-08-24'),(0,4,0,0,0,1473552,0,62,0,'2017-08-24 09:36:46','2017-08-24 09:47:48','2017-08-24'),(0,4,0,0,0,1473566,0,69,0,'2017-08-24 09:36:46','2017-08-24 09:47:48','2017-08-24'),(0,3,0,0,0,1473568,0,33,0,'2017-08-24 09:36:46','2017-08-24 09:47:48','2017-08-24'),(0,4,0,0,0,1473592,0,72,0,'2017-08-24 09:36:46','2017-08-24 09:47:48','2017-08-24'),(0,3,0,0,0,1473593,0,40,0,'2017-08-24 09:36:46','2017-08-24 09:47:48','2017-08-24'),(0,2,0,0,0,1473594,0,44,0,'2017-08-24 09:36:46','2017-08-24 09:47:48','2017-08-24'),(0,4,0,0,0,1473595,0,76,0,'2017-08-24 09:36:46','2017-08-24 09:47:48','2017-08-24'),(0,3,0,0,0,1473596,0,128,0,'2017-08-24 09:36:46','2017-08-24 09:47:48','2017-08-24'),(0,5,0,0,0,1473597,0,57,0,'2017-08-24 09:36:46','2017-08-24 09:47:48','2017-08-24'),(0,1,0,0,0,1473598,0,30,0,'2017-08-24 09:36:46','2017-08-24 09:47:48','2017-08-24'),(0,1,0,0,0,1473599,0,23,0,'2017-08-24 09:36:46','2017-08-24 09:47:48','2017-08-24'),(0,2,0,0,0,1473600,0,40,0,'2017-08-24 09:36:46','2017-08-24 09:47:48','2017-08-24'),(0,3,0,0,0,1473601,0,27,0,'2017-08-24 09:36:46','2017-08-24 09:47:48','2017-08-24'),(0,4,0,0,0,1473602,0,30,0,'2017-08-24 09:36:46','2017-08-24 09:47:48','2017-08-24'),(0,3,0,0,0,1473603,0,29,0,'2017-08-24 09:36:46','2017-08-24 09:47:48','2017-08-24'),(0,3,0,0,0,1473604,0,31,0,'2017-08-24 09:36:46','2017-08-24 09:47:48','2017-08-24'),(0,3,0,0,0,1473605,0,54,0,'2017-08-24 09:36:46','2017-08-24 09:47:48','2017-08-24'),(1,5,0,0,0,1473606,0,92,1,'2017-08-24 09:36:46','2017-08-24 09:47:48','2017-08-24'),(0,0,0,0,0,1473607,0,19,0,'2017-08-24 09:36:46','2017-08-24 09:47:48','2017-08-24'),(0,0,0,0,0,1473608,0,38,0,'2017-08-24 09:36:46','2017-08-24 09:47:48','2017-08-24'),(0,0,0,0,0,1473609,0,23,0,'2017-08-24 09:36:46','2017-08-24 09:47:48','2017-08-24'),(0,0,0,0,0,1473610,0,19,0,'2017-08-24 09:36:46','2017-08-24 09:47:48','2017-08-24'),(0,0,0,0,0,1473611,0,31,0,'2017-08-24 09:36:46','2017-08-24 09:47:48','2017-08-24'),(0,0,0,0,0,1473612,0,26,0,'2017-08-24 09:36:46','2017-08-24 09:47:48','2017-08-24'),(0,2,0,0,0,1473613,0,14,0,'2017-08-24 09:36:46','2017-08-24 09:47:48','2017-08-24'),(0,2,0,0,0,1473614,0,8,0,'2017-08-24 09:36:46','2017-08-24 09:47:48','2017-08-24'),(0,2,0,0,0,1473615,0,28,0,'2017-08-24 09:36:46','2017-08-24 09:47:48','2017-08-24'),(0,1,0,0,0,1473616,0,8,0,'2017-08-24 09:36:46','2017-08-24 09:47:48','2017-08-24'),(0,1,0,0,0,1473617,0,10,0,'2017-08-24 09:36:46','2017-08-24 09:47:48','2017-08-24'),(0,3,0,0,0,1473618,0,8,0,'2017-08-24 09:36:46','2017-08-24 09:47:48','2017-08-24'),(0,2,0,0,0,1473619,0,46,0,'2017-08-24 09:36:46','2017-08-24 09:47:48','2017-08-24'),(0,2,0,0,0,1473620,0,33,0,'2017-08-24 09:36:46','2017-08-24 09:47:48','2017-08-24'),(0,2,0,0,0,1473621,0,22,0,'2017-08-24 09:36:46','2017-08-24 09:47:48','2017-08-24'),(0,1,0,0,0,1473622,0,32,0,'2017-08-24 09:36:46','2017-08-24 09:47:48','2017-08-24'),(0,1,0,0,0,1473626,0,81,0,'2017-08-24 09:36:46','2017-08-24 09:47:48','2017-08-24'),(1,2,0,0,0,1473629,0,102,2,'2017-08-24 09:36:46','2017-08-24 09:47:48','2017-08-24'),(0,2,0,0,0,1473631,0,55,0,'2017-08-24 09:36:46','2017-08-24 09:47:48','2017-08-24'),(0,1,0,0,0,1473635,0,43,0,'2017-08-24 09:36:46','2017-08-24 09:47:48','2017-08-24'),(1,3,0,0,0,1473636,0,67,2,'2017-08-24 09:36:46','2017-08-24 09:47:48','2017-08-24'),(0,0,0,0,0,1473637,0,15,0,'2017-08-24 09:36:45','2017-08-24 09:47:48','2017-08-24'),(0,0,0,0,0,1473638,0,5,0,'2017-08-24 09:36:45','2017-08-24 09:47:48','2017-08-24'),(0,0,0,0,0,1473639,0,6,0,'2017-08-24 09:36:45','2017-08-24 09:47:48','2017-08-24'),(0,1,0,0,0,1473640,0,15,0,'2017-08-24 09:36:46','2017-08-24 09:47:48','2017-08-24'),(0,1,0,0,0,1473641,0,22,0,'2017-08-24 09:36:46','2017-08-24 09:47:48','2017-08-24'),(0,1,0,0,0,1473642,0,28,0,'2017-08-24 09:36:46','2017-08-24 09:47:48','2017-08-24'),(0,3,0,0,0,1473643,0,56,0,'2017-08-24 09:36:46','2017-08-24 09:47:48','2017-08-24'),(0,3,0,0,0,1473644,0,46,0,'2017-08-24 09:36:46','2017-08-24 09:47:48','2017-08-24'),(0,2,0,0,0,1473645,0,92,0,'2017-08-24 09:36:46','2017-08-24 09:47:48','2017-08-24'),(0,2,0,0,0,1473646,0,35,0,'2017-08-24 09:36:46','2017-08-24 09:47:48','2017-08-24'),(1,1,0,0,0,1473647,0,66,1,'2017-08-24 09:36:46','2017-08-24 09:47:48','2017-08-24'),(0,3,0,0,0,1473648,0,20,0,'2017-08-24 09:36:46','2017-08-24 09:47:48','2017-08-24'),(0,1,0,0,0,1473649,0,8,0,'2017-08-24 09:36:46','2017-08-24 09:47:48','2017-08-24'),(0,2,0,0,0,1473650,0,24,0,'2017-08-24 09:36:46','2017-08-24 09:47:48','2017-08-24'),(0,1,0,0,0,1473651,0,7,0,'2017-08-24 09:36:46','2017-08-24 09:47:48','2017-08-24'),(0,1,0,0,0,1473652,0,15,0,'2017-08-24 09:36:46','2017-08-24 09:47:48','2017-08-24'),(0,2,0,0,0,1473653,0,20,0,'2017-08-24 09:36:46','2017-08-24 09:47:48','2017-08-24'),(0,2,0,0,0,1473654,0,12,0,'2017-08-24 09:36:46','2017-08-24 09:47:48','2017-08-24'),(0,1,0,0,0,1473656,0,4,0,'2017-08-24 09:36:46','2017-08-24 09:47:48','2017-08-24'),(0,1,0,0,0,1473657,0,13,0,'2017-08-24 09:36:46','2017-08-24 09:47:48','2017-08-24'),(0,1,0,0,0,1473658,0,13,0,'2017-08-24 09:36:46','2017-08-24 09:47:48','2017-08-24'),(0,1,0,0,0,1473659,0,8,0,'2017-08-24 09:36:46','2017-08-24 09:47:48','2017-08-24'),(0,2,0,0,0,1473660,0,14,0,'2017-08-24 09:36:46','2017-08-24 09:47:48','2017-08-24'),(0,1,0,0,0,1473661,0,11,0,'2017-08-24 09:36:46','2017-08-24 09:47:48','2017-08-24'),(0,1,0,0,0,1473663,0,34,0,'2017-08-24 09:36:46','2017-08-24 09:47:48','2017-08-24'),(0,1,0,0,0,1473666,0,66,0,'2017-08-24 09:36:46','2017-08-24 09:47:48','2017-08-24'),(0,1,0,0,0,1473667,0,34,0,'2017-08-24 09:36:46','2017-08-24 09:47:48','2017-08-24'),(0,3,0,0,0,1473668,0,40,0,'2017-08-24 09:36:46','2017-08-24 09:47:48','2017-08-24'),(0,1,0,0,0,1473669,0,43,0,'2017-08-24 09:36:46','2017-08-24 09:47:48','2017-08-24'),(0,2,0,0,0,1473670,0,64,0,'2017-08-24 09:36:46','2017-08-24 09:47:48','2017-08-24'),(0,4,0,0,0,1473672,0,85,0,'2017-08-24 09:36:46','2017-08-24 09:47:48','2017-08-24'),(1,5,0,0,0,1473674,0,129,1,'2017-08-24 09:36:46','2017-08-24 09:47:48','2017-08-24'),(0,9,0,0,0,1473675,0,197,0,'2017-08-24 09:36:46','2017-08-24 09:47:48','2017-08-24'),(1,3,0,0,0,1473676,0,78,1,'2017-08-24 09:36:46','2017-08-24 09:47:48','2017-08-24'),(2,2,0,0,0,1473677,0,49,2,'2017-08-24 09:36:46','2017-08-24 09:47:48','2017-08-24'),(0,3,0,0,0,1473678,0,84,0,'2017-08-24 09:36:46','2017-08-24 09:47:48','2017-08-24'),(0,3,0,0,0,1473693,0,139,0,'2017-08-24 09:36:46','2017-08-24 09:47:48','2017-08-24'),(0,2,0,0,0,1473703,0,59,0,'2017-08-24 09:36:46','2017-08-24 09:47:48','2017-08-24'),(0,5,0,0,0,1473704,0,73,0,'2017-08-24 09:36:45','2017-08-24 09:47:48','2017-08-24'),(0,2,0,0,0,1473711,0,6,0,'2017-08-24 09:36:45','2017-08-24 09:47:48','2017-08-24'),(0,2,0,0,0,1473712,0,6,0,'2017-08-24 09:36:45','2017-08-24 09:47:48','2017-08-24'),(0,1,0,0,0,1473713,0,6,0,'2017-08-24 09:36:45','2017-08-24 09:47:48','2017-08-24'),(0,2,0,0,0,1473714,0,6,0,'2017-08-24 09:36:45','2017-08-24 09:47:48','2017-08-24'),(0,2,0,0,0,1473715,0,8,0,'2017-08-24 09:36:45','2017-08-24 09:47:48','2017-08-24'),(0,2,0,0,0,1473716,0,19,0,'2017-08-24 09:36:45','2017-08-24 09:47:48','2017-08-24'),(0,2,0,0,0,1473717,0,12,0,'2017-08-24 09:36:45','2017-08-24 09:47:48','2017-08-24'),(0,2,0,0,0,1473718,0,21,0,'2017-08-24 09:36:45','2017-08-24 09:47:48','2017-08-24'),(0,2,0,0,0,1473719,0,51,0,'2017-08-24 09:36:45','2017-08-24 09:47:48','2017-08-24'),(0,2,0,0,0,1473720,0,90,0,'2017-08-24 09:36:46','2017-08-24 09:47:48','2017-08-24'),(1,0,0,0,0,1473741,0,44,2,'2017-08-24 09:36:46','2017-08-24 09:47:48','2017-08-24'),(0,1,0,0,0,1473742,0,68,1,'2017-08-24 09:36:46','2017-08-24 09:47:48','2017-08-24'),(0,1,0,0,0,1473743,0,45,0,'2017-08-24 09:36:46','2017-08-24 09:47:48','2017-08-24'),(0,1,0,0,0,1473744,0,62,1,'2017-08-24 09:36:46','2017-08-24 09:47:48','2017-08-24'),(1,2,0,0,0,1473746,0,94,2,'2017-08-24 09:36:46','2017-08-24 09:47:48','2017-08-24'),(0,2,0,0,0,1473747,0,70,0,'2017-08-24 09:36:46','2017-08-24 09:47:48','2017-08-24'),(0,3,0,0,0,1473793,0,60,0,'2017-08-24 09:36:46','2017-08-24 09:47:48','2017-08-24'),(0,1,0,0,0,1473795,0,85,0,'2017-08-24 09:36:46','2017-08-24 09:47:48','2017-08-24'),(0,2,0,0,0,1473798,0,121,0,'2017-08-24 09:36:46','2017-08-24 09:47:48','2017-08-24'),(0,1,0,0,0,1473799,0,17,0,'2017-08-24 09:36:46','2017-08-24 09:47:48','2017-08-24'),(0,3,0,0,0,1473800,0,50,0,'2017-08-24 09:36:46','2017-08-24 09:47:48','2017-08-24'),(0,3,0,0,0,1473801,0,78,0,'2017-08-24 09:36:46','2017-08-24 09:47:48','2017-08-24'),(0,2,0,0,0,1473802,0,28,0,'2017-08-24 09:36:46','2017-08-24 09:47:48','2017-08-24'),(0,4,0,0,0,1473803,0,74,0,'2017-08-24 09:36:46','2017-08-24 09:47:48','2017-08-24'),(0,2,0,0,0,1473804,0,17,0,'2017-08-24 09:36:46','2017-08-24 09:47:48','2017-08-24'),(0,2,0,0,0,1473806,0,33,0,'2017-08-24 09:36:46','2017-08-24 09:47:48','2017-08-24'),(0,1,0,0,0,1473810,0,18,0,'2017-08-24 09:36:46','2017-08-24 09:47:48','2017-08-24'),(0,1,0,0,0,1473811,0,21,0,'2017-08-24 09:36:46','2017-08-24 09:47:48','2017-08-24'),(0,1,0,0,0,1473812,0,29,0,'2017-08-24 09:36:46','2017-08-24 09:47:48','2017-08-24'),(0,1,0,0,0,1473813,0,52,0,'2017-08-24 09:36:45','2017-08-24 09:47:48','2017-08-24'),(0,1,0,0,0,1473829,0,28,0,'2017-08-24 09:36:45','2017-08-24 09:47:48','2017-08-24'),(0,0,0,0,0,1473830,0,20,0,'2017-08-24 09:36:45','2017-08-24 09:47:48','2017-08-24'),(0,0,0,0,0,1473831,0,7,0,'2017-08-24 09:36:45','2017-08-24 09:47:48','2017-08-24'),(0,0,0,0,0,1473848,0,2,0,'2017-08-24 09:36:45','2017-08-24 09:47:48','2017-08-24'),(0,0,0,0,0,1473849,0,4,0,'2017-08-24 09:36:45','2017-08-24 09:47:48','2017-08-24'),(0,0,0,0,0,1473850,0,14,0,'2017-08-24 09:36:45','2017-08-24 09:47:48','2017-08-24'),(0,0,0,0,0,1473851,0,9,0,'2017-08-24 09:36:45','2017-08-24 09:47:48','2017-08-24'),(0,0,0,0,0,1473852,0,10,0,'2017-08-24 09:36:45','2017-08-24 09:47:48','2017-08-24'),(0,1,0,0,0,1473853,0,9,0,'2017-08-24 09:36:45','2017-08-24 09:47:48','2017-08-24'),(0,0,0,0,0,1473854,0,23,0,'2017-08-24 09:36:45','2017-08-24 09:47:48','2017-08-24'),(0,0,0,0,0,1473855,0,30,0,'2017-08-24 09:36:45','2017-08-24 09:47:48','2017-08-24'),(0,0,0,0,0,1473863,0,32,0,'2017-08-24 09:36:45','2017-08-24 09:47:48','2017-08-24'),(0,1,0,0,0,1473864,0,19,0,'2017-08-24 09:36:45','2017-08-24 09:47:48','2017-08-24'),(0,0,0,0,0,1473865,0,31,0,'2017-08-24 09:36:45','2017-08-24 09:47:48','2017-08-24'),(0,0,0,0,0,1473866,0,7,0,'2017-08-24 09:36:45','2017-08-24 09:47:48','2017-08-24'),(1,0,0,0,0,1473867,0,10,1,'2017-08-24 09:36:45','2017-08-24 09:47:48','2017-08-24'),(0,2,0,0,0,1473868,0,36,0,'2017-08-24 09:36:45','2017-08-24 09:47:48','2017-08-24'),(0,0,0,0,0,1473869,0,9,0,'2017-08-24 09:36:45','2017-08-24 09:47:48','2017-08-24'),(0,0,0,0,0,1473870,0,6,0,'2017-08-24 09:36:45','2017-08-24 09:47:48','2017-08-24'),(0,0,0,0,0,1473871,0,7,0,'2017-08-24 09:36:45','2017-08-24 09:47:48','2017-08-24'),(0,0,0,0,0,1473872,0,4,0,'2017-08-24 09:36:45','2017-08-24 09:47:48','2017-08-24'),(0,0,0,0,0,1473873,0,13,0,'2017-08-24 09:36:45','2017-08-24 09:47:48','2017-08-24'),(0,0,0,0,0,1473874,0,0,0,'2017-08-24 09:36:45','2017-08-24 09:47:48','2017-08-24'),(0,0,0,0,0,1473875,0,44,0,'2017-08-24 09:36:45','2017-08-24 09:47:48','2017-08-24'),(0,0,0,0,0,1473876,0,52,0,'2017-08-24 09:36:45','2017-08-24 09:47:48','2017-08-24'),(0,0,0,0,0,1473877,0,12,0,'2017-08-24 09:36:45','2017-08-24 09:47:48','2017-08-24'),(0,0,0,0,0,1473878,0,0,0,'2017-08-24 09:36:45','2017-08-24 09:47:48','2017-08-24'),(0,0,0,0,0,1473880,0,17,0,'2017-08-24 09:36:45','2017-08-24 09:47:48','2017-08-24'),(0,0,0,0,0,1473881,0,0,0,'2017-08-24 09:36:45','2017-08-24 09:47:48','2017-08-24'),(0,0,0,0,0,1473882,0,0,0,'2017-08-24 09:36:45','2017-08-24 09:47:48','2017-08-24'),(0,0,0,0,0,1473883,0,1,0,'2017-08-24 09:36:45','2017-08-24 09:47:48','2017-08-24'),(0,0,0,0,0,1473884,0,0,0,'2017-08-24 09:36:45','2017-08-24 09:47:48','2017-08-24'),(0,0,0,0,0,1473885,0,2,0,'2017-08-24 09:36:45','2017-08-24 09:47:48','2017-08-24'),(0,0,0,0,0,1473886,0,3,0,'2017-08-24 09:36:45','2017-08-24 09:47:48','2017-08-24'),(0,0,0,0,0,1473887,0,0,0,'2017-08-24 09:36:45','2017-08-24 09:47:48','2017-08-24'),(0,0,0,0,0,1473888,0,0,0,'2017-08-24 09:36:45','2017-08-24 09:47:48','2017-08-24'),(0,0,0,0,0,1473890,0,4,0,'2017-08-24 09:36:45','2017-08-24 09:47:48','2017-08-24'),(0,0,0,0,0,1473891,0,7,0,'2017-08-24 09:36:45','2017-08-24 09:47:48','2017-08-24'),(0,0,0,0,0,1473892,0,6,0,'2017-08-24 09:36:45','2017-08-24 09:47:48','2017-08-24'),(0,0,0,0,0,1473893,0,15,0,'2017-08-24 09:36:45','2017-08-24 09:47:48','2017-08-24'),(0,0,0,0,0,1473894,0,11,0,'2017-08-24 09:36:45','2017-08-24 09:47:48','2017-08-24'),(0,0,0,0,0,1473895,0,2,0,'2017-08-24 09:36:45','2017-08-24 09:47:48','2017-08-24'),(0,0,0,0,0,1473897,0,3,0,'2017-08-24 09:36:45','2017-08-24 09:47:48','2017-08-24'),(0,0,0,0,0,1473898,0,0,0,'2017-08-24 09:36:45','2017-08-24 09:47:48','2017-08-24');
/*!40000 ALTER TABLE `fetch_stats` ENABLE KEYS */;
UNLOCK TABLES;

--
-- Table structure for table `fetch_tags`
--

DROP TABLE IF EXISTS `fetch_tags`;
/*!40101 SET @saved_cs_client     = @@character_set_client */;
/*!40101 SET character_set_client = utf8 */;
CREATE TABLE `fetch_tags` (
  `tag_type` varchar(255) DEFAULT NULL,
  `tag_value` varchar(255) DEFAULT NULL,
  `track_id` int(11) NOT NULL,
  `date_created` timestamp NOT NULL DEFAULT CURRENT_TIMESTAMP,
  `date_updated` timestamp NOT NULL DEFAULT CURRENT_TIMESTAMP ON UPDATE CURRENT_TIMESTAMP,
  PRIMARY KEY (`track_id`)
) ENGINE=InnoDB DEFAULT CHARSET=utf8;
/*!40101 SET character_set_client = @saved_cs_client */;

--
-- Dumping data for table `fetch_tags`
--

LOCK TABLES `fetch_tags` WRITE;
/*!40000 ALTER TABLE `fetch_tags` DISABLE KEYS */;
INSERT INTO `fetch_tags` VALUES ('vartag','sun',1465085,'2017-08-24 09:47:46','2017-08-24 09:47:48'),('vartag','modern',1465086,'2017-08-24 09:47:46','2017-08-24 09:47:48'),('vartag','drive',1466927,'2017-08-24 09:47:46','2017-08-24 09:47:48'),('vartag','sun',1466928,'2017-08-24 09:47:46','2017-08-24 09:47:48'),('vartag','sun',1466929,'2017-08-24 09:47:46','2017-08-24 09:47:48'),('vartag','company',1467380,'2017-08-24 09:47:45','2017-08-24 09:47:48'),('vartag','ranchera',1473044,'2017-08-24 09:47:46','2017-08-24 09:47:48'),('vartag','sinte',1473045,'2017-08-24 09:47:46','2017-08-24 09:47:48'),('vartag','orquesta',1473046,'2017-08-24 09:47:46','2017-08-24 09:47:48'),('instrument','guitar',1473047,'2017-08-24 09:47:46','2017-08-24 09:47:48'),('vartag','bolero',1473048,'2017-08-24 09:47:46','2017-08-24 09:47:48'),('instrument','guitar',1473049,'2017-08-24 09:47:46','2017-08-24 09:47:48'),('vartag','becaud',1473050,'2017-08-24 09:47:46','2017-08-24 09:47:48'),('instrument','guitar',1473051,'2017-08-24 09:47:46','2017-08-24 09:47:48'),('instrument','guitar',1473052,'2017-08-24 09:47:46','2017-08-24 09:47:48'),('vartag','bolero',1473053,'2017-08-24 09:47:46','2017-08-24 09:47:48'),('vartag','duo',1473451,'2017-08-24 09:47:46','2017-08-24 09:47:48'),('vartag','choralvoices',1473521,'2017-08-24 09:47:46','2017-08-24 09:47:48'),('vartag','sint',1473522,'2017-08-24 09:47:45','2017-08-24 09:47:48'),('vartag','италодиско',1473523,'2017-08-24 09:47:46','2017-08-24 09:47:48'),('vartag','cajonflamenco',1473525,'2017-08-24 09:47:46','2017-08-24 09:47:48'),('vartag','hopeful',1473526,'2017-08-24 09:47:46','2017-08-24 09:47:48'),('vartag','business',1473527,'2017-08-24 09:47:46','2017-08-24 09:47:48'),('vartag','inspiring',1473528,'2017-08-24 09:47:46','2017-08-24 09:47:48'),('vartag','relaxingchill',1473530,'2017-08-24 09:47:46','2017-08-24 09:47:48'),('vartag','violine',1473532,'2017-08-24 09:47:46','2017-08-24 09:47:48'),('genre','thrashmetal',1473533,'2017-08-24 09:47:46','2017-08-24 09:47:48'),('genre','thrashmetal',1473534,'2017-08-24 09:47:46','2017-08-24 09:47:48'),('genre','thrashmetal',1473535,'2017-08-24 09:47:46','2017-08-24 09:47:48'),('genre','thrashmetal',1473536,'2017-08-24 09:47:46','2017-08-24 09:47:48'),('genre','thrashmetal',1473537,'2017-08-24 09:47:46','2017-08-24 09:47:48'),('genre','thrashmetal',1473538,'2017-08-24 09:47:46','2017-08-24 09:47:48'),('vartag','deepminimal',1473539,'2017-08-24 09:47:46','2017-08-24 09:47:48'),('vartag','shamanism',1473540,'2017-08-24 09:47:46','2017-08-24 09:47:48'),('vartag','meditaton',1473541,'2017-08-24 09:47:46','2017-08-24 09:47:48'),('vartag','sanskrit',1473542,'2017-08-24 09:47:46','2017-08-24 09:47:48'),('vartag','meditaton',1473543,'2017-08-24 09:47:46','2017-08-24 09:47:48'),('vartag','shamanism',1473544,'2017-08-24 09:47:46','2017-08-24 09:47:48'),('vartag','sanskrit',1473545,'2017-08-24 09:47:46','2017-08-24 09:47:48'),('vartag','meditaton',1473546,'2017-08-24 09:47:46','2017-08-24 09:47:48'),('vartag','meditaton',1473547,'2017-08-24 09:47:46','2017-08-24 09:47:48'),('vartag','sanskrit',1473548,'2017-08-24 09:47:46','2017-08-24 09:47:48'),('vartag','meditaton',1473549,'2017-08-24 09:47:46','2017-08-24 09:47:48'),('vartag','reason7',1473550,'2017-08-24 09:47:46','2017-08-24 09:47:48'),('vartag','hop',1473551,'2017-08-24 09:47:46','2017-08-24 09:47:48'),('vartag','slowdance',1473552,'2017-08-24 09:47:46','2017-08-24 09:47:48'),('vartag','vanessacarlton',1473566,'2017-08-24 09:47:46','2017-08-24 09:47:48'),('vartag','adrenalin',1473568,'2017-08-24 09:47:46','2017-08-24 09:47:48'),('vartag','light',1473592,'2017-08-24 09:47:46','2017-08-24 09:47:48'),('vartag','calm',1473593,'2017-08-24 09:47:46','2017-08-24 09:47:48'),('vartag','inspired',1473594,'2017-08-24 09:47:46','2017-08-24 09:47:48'),('vartag','chilllout',1473595,'2017-08-24 09:47:46','2017-08-24 09:47:48'),('vartag','inspire',1473596,'2017-08-24 09:47:46','2017-08-24 09:47:48'),('instrument','keyboards',1473597,'2017-08-24 09:47:46','2017-08-24 09:47:48'),('instrument','keyboards',1473598,'2017-08-24 09:47:46','2017-08-24 09:47:48'),('instrument','keyboards',1473599,'2017-08-24 09:47:46','2017-08-24 09:47:48'),('instrument','keyboards',1473600,'2017-08-24 09:47:46','2017-08-24 09:47:48'),('instrument','keyboards',1473601,'2017-08-24 09:47:46','2017-08-24 09:47:48'),('instrument','keyboards',1473602,'2017-08-24 09:47:46','2017-08-24 09:47:48'),('instrument','keyboards',1473603,'2017-08-24 09:47:46','2017-08-24 09:47:48'),('instrument','keyboards',1473604,'2017-08-24 09:47:46','2017-08-24 09:47:48'),('instrument','keyboards',1473605,'2017-08-24 09:47:46','2017-08-24 09:47:48'),('instrument','keyboards',1473606,'2017-08-24 09:47:46','2017-08-24 09:47:48'),('vartag','orchstral',1473607,'2017-08-24 09:47:46','2017-08-24 09:47:48'),('vartag','trains',1473608,'2017-08-24 09:47:46','2017-08-24 09:47:48'),('vartag','snowcoveredbirch',1473609,'2017-08-24 09:47:46','2017-08-24 09:47:48'),('vartag','familyscandal',1473610,'2017-08-24 09:47:46','2017-08-24 09:47:48'),('vartag','hasdied',1473611,'2017-08-24 09:47:46','2017-08-24 09:47:48'),('vartag','avangard',1473612,'2017-08-24 09:47:46','2017-08-24 09:47:48'),('instrument','synth',1473613,'2017-08-24 09:47:46','2017-08-24 09:47:48'),('instrument','synth',1473614,'2017-08-24 09:47:46','2017-08-24 09:47:48'),('instrument','synth',1473615,'2017-08-24 09:47:46','2017-08-24 09:47:48'),('instrument','synth',1473616,'2017-08-24 09:47:46','2017-08-24 09:47:48'),('instrument','synth',1473617,'2017-08-24 09:47:46','2017-08-24 09:47:48'),('instrument','synth',1473618,'2017-08-24 09:47:46','2017-08-24 09:47:48'),('instrument','synth',1473619,'2017-08-24 09:47:46','2017-08-24 09:47:48'),('instrument','synth',1473620,'2017-08-24 09:47:46','2017-08-24 09:47:48'),('instrument','synth',1473621,'2017-08-24 09:47:46','2017-08-24 09:47:48'),('instrument','synth',1473622,'2017-08-24 09:47:46','2017-08-24 09:47:48'),('vartag','saxophonetenor',1473626,'2017-08-24 09:47:46','2017-08-24 09:47:48'),('vartag','fire',1473629,'2017-08-24 09:47:46','2017-08-24 09:47:48'),('vartag','acustica',1473631,'2017-08-24 09:47:46','2017-08-24 09:47:48'),('vartag','notoriousbig',1473635,'2017-08-24 09:47:46','2017-08-24 09:47:48'),('vartag','worldmusic',1473636,'2017-08-24 09:47:46','2017-08-24 09:47:48'),('vartag','backgroundpiano',1473637,'2017-08-24 09:47:45','2017-08-24 09:47:48'),('vartag','romanticpiano',1473638,'2017-08-24 09:47:45','2017-08-24 09:47:48'),('vartag','pianoinstrumental',1473639,'2017-08-24 09:47:45','2017-08-24 09:47:48'),('vartag','elekro',1473640,'2017-08-24 09:47:46','2017-08-24 09:47:48'),('genre','electropop',1473641,'2017-08-24 09:47:46','2017-08-24 09:47:48'),('vartag','liverecord',1473642,'2017-08-24 09:47:46','2017-08-24 09:47:48'),('vartag','lovingkindness',1473643,'2017-08-24 09:47:46','2017-08-24 09:47:48'),('vartag','romanticos',1473644,'2017-08-24 09:47:46','2017-08-24 09:47:48'),('vartag','videomusic',1473645,'2017-08-24 09:47:46','2017-08-24 09:47:48'),('vartag','lights',1473646,'2017-08-24 09:47:46','2017-08-24 09:47:48'),('vartag','videomusic',1473647,'2017-08-24 09:47:46','2017-08-24 09:47:48'),('vartag','isaacalbeniz',1473648,'2017-08-24 09:47:46','2017-08-24 09:47:48'),('vartag','pelemeleguitares',1473649,'2017-08-24 09:47:46','2017-08-24 09:47:48'),('vartag','duo',1473650,'2017-08-24 09:47:46','2017-08-24 09:47:48'),('vartag','brésil',1473651,'2017-08-24 09:47:46','2017-08-24 09:47:48'),('vartag','duo',1473652,'2017-08-24 09:47:46','2017-08-24 09:47:48'),('vartag','sting',1473653,'2017-08-24 09:47:46','2017-08-24 09:47:48'),('vartag','duo',1473654,'2017-08-24 09:47:46','2017-08-24 09:47:48'),('vartag','duo',1473656,'2017-08-24 09:47:46','2017-08-24 09:47:48'),('vartag','duo',1473657,'2017-08-24 09:47:46','2017-08-24 09:47:48'),('vartag','franciscabrel',1473658,'2017-08-24 09:47:46','2017-08-24 09:47:48'),('vartag','duo',1473659,'2017-08-24 09:47:46','2017-08-24 09:47:48'),('vartag','guitaresacoustique',1473660,'2017-08-24 09:47:46','2017-08-24 09:47:48'),('vartag','reprises',1473661,'2017-08-24 09:47:46','2017-08-24 09:47:48'),('vartag','elektrotek',1473666,'2017-08-24 09:47:46','2017-08-24 09:47:48'),('vartag','lonely',1473667,'2017-08-24 09:47:46','2017-08-24 09:47:48'),('vartag','solo',1473668,'2017-08-24 09:47:46','2017-08-24 09:47:48'),('vartag','avantrock',1473669,'2017-08-24 09:47:46','2017-08-24 09:47:48'),('vartag','avantrock',1473670,'2017-08-24 09:47:46','2017-08-24 09:47:48'),('vartag','abstract',1473672,'2017-08-24 09:47:46','2017-08-24 09:47:48'),('vartag','sintetizer',1473674,'2017-08-24 09:47:46','2017-08-24 09:47:48'),('vartag','meditative',1473675,'2017-08-24 09:47:46','2017-08-24 09:47:48'),('vartag','bayan',1473676,'2017-08-24 09:47:46','2017-08-24 09:47:48'),('instrument','guitar',1473677,'2017-08-24 09:47:46','2017-08-24 09:47:48'),('vartag','dancetranceexpeimental',1473678,'2017-08-24 09:47:46','2017-08-24 09:47:48'),('vartag','backgound',1473693,'2017-08-24 09:47:46','2017-08-24 09:47:48'),('vartag','modern',1473703,'2017-08-24 09:47:46','2017-08-24 09:47:48'),('vartag','backgroud',1473704,'2017-08-24 09:47:46','2017-08-24 09:47:48'),('instrument','synth',1473711,'2017-08-24 09:47:46','2017-08-24 09:47:48'),('instrument','synth',1473712,'2017-08-24 09:47:46','2017-08-24 09:47:48'),('instrument','synth',1473713,'2017-08-24 09:47:46','2017-08-24 09:47:48'),('instrument','synth',1473714,'2017-08-24 09:47:46','2017-08-24 09:47:48'),('instrument','synth',1473715,'2017-08-24 09:47:46','2017-08-24 09:47:48'),('instrument','synth',1473716,'2017-08-24 09:47:46','2017-08-24 09:47:48'),('instrument','synth',1473717,'2017-08-24 09:47:46','2017-08-24 09:47:48'),('instrument','synth',1473718,'2017-08-24 09:47:46','2017-08-24 09:47:48'),('instrument','synth',1473719,'2017-08-24 09:47:46','2017-08-24 09:47:48'),('vartag','kicks',1473720,'2017-08-24 09:47:46','2017-08-24 09:47:48'),('vartag','задобро',1473741,'2017-08-24 09:47:46','2017-08-24 09:47:48'),('vartag','vosmoytrack',1473742,'2017-08-24 09:47:46','2017-08-24 09:47:48'),('instrument','guitare',1473743,'2017-08-24 09:47:46','2017-08-24 09:47:48'),('vartag','сергейвосьмой',1473744,'2017-08-24 09:47:46','2017-08-24 09:47:48'),('vartag','promotional',1473746,'2017-08-24 09:47:46','2017-08-24 09:47:48'),('vartag','intruments',1473747,'2017-08-24 09:47:46','2017-08-24 09:47:48'),('vartag','soundtrak',1473793,'2017-08-24 09:47:46','2017-08-24 09:47:48'),('vartag','synthdrums',1473795,'2017-08-24 09:47:46','2017-08-24 09:47:48'),('vartag','danceclub',1473798,'2017-08-24 09:47:46','2017-08-24 09:47:48'),('vartag','everyday',1473799,'2017-08-24 09:47:46','2017-08-24 09:47:48'),('vartag','drumsynth',1473800,'2017-08-24 09:47:46','2017-08-24 09:47:48'),('vartag','romantik',1473801,'2017-08-24 09:47:46','2017-08-24 09:47:48'),('vartag','opening',1473802,'2017-08-24 09:47:46','2017-08-24 09:47:48'),('vartag','darksynth',1473803,'2017-08-24 09:47:46','2017-08-24 09:47:48'),('vartag','doomed',1473804,'2017-08-24 09:47:46','2017-08-24 09:47:48'),('vartag','nativeamericanflute',1473806,'2017-08-24 09:47:46','2017-08-24 09:47:48'),('vartag','furious',1473810,'2017-08-24 09:47:46','2017-08-24 09:47:48'),('vartag','inspiration',1473811,'2017-08-24 09:47:46','2017-08-24 09:47:48'),('vartag','startup',1473812,'2017-08-24 09:47:46','2017-08-24 09:47:48'),('vartag','filmamptv',1473813,'2017-08-24 09:47:46','2017-08-24 09:47:48'),('vartag','dancecosmic',1473829,'2017-08-24 09:47:46','2017-08-24 09:47:48'),('vartag','danceremix',1473830,'2017-08-24 09:47:46','2017-08-24 09:47:48'),('vartag','electronicpop',1473831,'2017-08-24 09:47:46','2017-08-24 09:47:48'),('vartag','electonic',1473848,'2017-08-24 09:47:46','2017-08-24 09:47:48'),('genre','gothic',1473849,'2017-08-24 09:47:46','2017-08-24 09:47:48'),('vartag','atmospheric',1473850,'2017-08-24 09:47:46','2017-08-24 09:47:48'),('genre','gothic',1473851,'2017-08-24 09:47:46','2017-08-24 09:47:48'),('genre','gothic',1473852,'2017-08-24 09:47:46','2017-08-24 09:47:48'),('genre','gothic',1473853,'2017-08-24 09:47:46','2017-08-24 09:47:48'),('genre','gothic',1473854,'2017-08-24 09:47:46','2017-08-24 09:47:48'),('genre','gothic',1473855,'2017-08-24 09:47:46','2017-08-24 09:47:48'),('vartag','electronicpop',1473863,'2017-08-24 09:47:46','2017-08-24 09:47:48'),('vartag','trancemix',1473864,'2017-08-24 09:47:46','2017-08-24 09:47:48'),('vartag','sequenced',1473865,'2017-08-24 09:47:46','2017-08-24 09:47:48'),('vartag','slowtime',1473866,'2017-08-24 09:47:46','2017-08-24 09:47:48'),('vartag','wokal',1473867,'2017-08-24 09:47:46','2017-08-24 09:47:48'),('genre','electronic',1473868,'2017-08-24 09:47:46','2017-08-24 09:47:48'),('vartag','фортепиано',1473869,'2017-08-24 09:47:46','2017-08-24 09:47:48'),('vartag','radiostream',1473870,'2017-08-24 09:47:45','2017-08-24 09:47:48'),('vartag','pianoambient',1473871,'2017-08-24 09:47:45','2017-08-24 09:47:48'),('vartag','backgroundmusic',1473872,'2017-08-24 09:47:45','2017-08-24 09:47:48'),('vartag','workoutmusic',1473873,'2017-08-24 09:47:45','2017-08-24 09:47:48'),('vartag','pianomelody',1473874,'2017-08-24 09:47:45','2017-08-24 09:47:48'),('vartag','epic',1473875,'2017-08-24 09:47:45','2017-08-24 09:47:48'),('vartag','solo',1473876,'2017-08-24 09:47:45','2017-08-24 09:47:48'),('vartag','finnish',1473877,'2017-08-24 09:47:45','2017-08-24 09:47:48'),('vartag','italy',1473878,'2017-08-24 09:47:45','2017-08-24 09:47:48'),('vartag','comercial',1473880,'2017-08-24 09:47:45','2017-08-24 09:47:48'),('vartag','italy',1473881,'2017-08-24 09:47:45','2017-08-24 09:47:48'),('vartag','songwriter',1473882,'2017-08-24 09:47:45','2017-08-24 09:47:48'),('vartag','italy',1473883,'2017-08-24 09:47:45','2017-08-24 09:47:48'),('vartag','atmofera',1473884,'2017-08-24 09:47:45','2017-08-24 09:47:48'),('vartag','italy',1473885,'2017-08-24 09:47:45','2017-08-24 09:47:48'),('vartag','italy',1473886,'2017-08-24 09:47:45','2017-08-24 09:47:48'),('vartag','italy',1473887,'2017-08-24 09:47:45','2017-08-24 09:47:48'),('vartag','italy',1473888,'2017-08-24 09:47:45','2017-08-24 09:47:48'),('vartag','italy',1473890,'2017-08-24 09:47:45','2017-08-24 09:47:48'),('vartag','verdi',1473891,'2017-08-24 09:47:45','2017-08-24 09:47:48'),('vartag','acustico',1473892,'2017-08-24 09:47:45','2017-08-24 09:47:48'),('vartag','paintproshop',1473893,'2017-08-24 09:47:45','2017-08-24 09:47:48'),('vartag','abletonlive',1473894,'2017-08-24 09:47:45','2017-08-24 09:47:48'),('vartag','duo',1473895,'2017-08-24 09:47:45','2017-08-24 09:47:48');
/*!40000 ALTER TABLE `fetch_tags` ENABLE KEYS */;
UNLOCK TABLES;

--
-- Table structure for table `fetch_track`
--

DROP TABLE IF EXISTS `fetch_track`;
/*!40101 SET @saved_cs_client     = @@character_set_client */;
/*!40101 SET character_set_client = utf8 */;
CREATE TABLE `fetch_track` (
  `artist_idstr` varchar(255) DEFAULT NULL,
  `prourl` varchar(255) DEFAULT NULL,
  `audio` varchar(255) DEFAULT NULL,
  `name` varchar(255) DEFAULT NULL,
  `album_id` int(11) DEFAULT NULL,
  `album_image` varchar(255) DEFAULT NULL,
  `shareurl` varchar(255) DEFAULT NULL,
  `artist_name` varchar(255) DEFAULT NULL,
  `releasedate` datetime DEFAULT NULL,
  `shorturl` varchar(255) DEFAULT NULL,
  `audiodownload` varchar(255) DEFAULT NULL,
  `license_ccurl` varchar(255) DEFAULT NULL,
  `image` varchar(255) DEFAULT NULL,
  `duration` int(11) DEFAULT NULL,
  `position` int(11) DEFAULT NULL,
  `artist_id` int(11) DEFAULT NULL,
  `album_name` varchar(255) DEFAULT NULL,
  `id` int(11) NOT NULL,
  `date_created` timestamp NOT NULL DEFAULT CURRENT_TIMESTAMP,
  `date_updated` timestamp NOT NULL DEFAULT CURRENT_TIMESTAMP ON UPDATE CURRENT_TIMESTAMP,
  PRIMARY KEY (`id`)
) ENGINE=InnoDB DEFAULT CHARSET=utf8;
/*!40101 SET character_set_client = @saved_cs_client */;

--
-- Dumping data for table `fetch_track`
--

LOCK TABLES `fetch_track` WRITE;
/*!40000 ALTER TABLE `fetch_track` DISABLE KEYS */;
INSERT INTO `fetch_track` VALUES ('Yummy_Sirup','','https://mp3l.jamendo.com/?trackid=1465085&format=mp31&from=app-4e3f05b4','Sunny Tropical House',0,'','http://www.jamendo.com/track/1465085','Yummy Sirup','2017-08-23 00:00:00','http://jamen.do/t/1465085','https://mp3d.jamendo.com/download/track/1465085/mp32/','http://creativecommons.org/licenses/by-nc-nd/3.0/','https://imgjam2.jamendo.com/track/s1465/1465085/covers/1.200.jpg',135,34,500838,'',1465085,'2017-08-24 09:01:40','2017-08-24 09:47:48'),('Yummy_Sirup','','https://mp3l.jamendo.com/?trackid=1465086&format=mp31&from=app-4e3f05b4','Air Hip-Hop',0,'','http://www.jamendo.com/track/1465086','Yummy Sirup','2017-08-23 00:00:00','http://jamen.do/t/1465086','https://mp3d.jamendo.com/download/track/1465086/mp32/','http://creativecommons.org/licenses/by-nc-nd/3.0/','https://imgjam1.jamendo.com/track/s1465/1465086/covers/1.200.jpg',125,35,500838,'',1465086,'2017-08-24 09:01:40','2017-08-24 09:47:48'),('Altsub','','https://mp3l.jamendo.com/?trackid=1466927&format=mp31&from=app-4e3f05b4','Night Disco',0,'','http://www.jamendo.com/track/1466927','Altsub','2017-08-23 00:00:00','http://jamen.do/t/1466927','https://mp3d.jamendo.com/download/track/1466927/mp32/','http://creativecommons.org/licenses/by-nc-nd/3.0/','https://imgjam2.jamendo.com/track/s1466/1466927/covers/1.200.jpg',132,6,500834,'',1466927,'2017-08-24 09:01:40','2017-08-24 09:47:48'),('Altsub','','https://mp3l.jamendo.com/?trackid=1466928&format=mp31&from=app-4e3f05b4','Upbeat Jazz',0,'','http://www.jamendo.com/track/1466928','Altsub','2017-08-23 00:00:00','http://jamen.do/t/1466928','https://mp3d.jamendo.com/download/track/1466928/mp32/','http://creativecommons.org/licenses/by-nc-nd/3.0/','https://imgjam2.jamendo.com/track/s1466/1466928/covers/1.200.jpg',106,7,500834,'',1466928,'2017-08-24 09:01:40','2017-08-24 09:47:48'),('Altsub','','https://mp3l.jamendo.com/?trackid=1466929&format=mp31&from=app-4e3f05b4','Jazzy Funk',0,'','http://www.jamendo.com/track/1466929','Altsub','2017-08-23 00:00:00','http://jamen.do/t/1466929','https://mp3d.jamendo.com/download/track/1466929/mp32/','http://creativecommons.org/licenses/by-nc-nd/3.0/','https://imgjam2.jamendo.com/track/s1466/1466929/covers/1.200.jpg',125,8,500834,'',1466929,'2017-08-24 09:01:40','2017-08-24 09:47:48'),('SoundForYou','','https://mp3l.jamendo.com/?trackid=1467380&format=mp31&from=app-4e3f05b4','Pop Corporate',0,'','http://www.jamendo.com/track/1467380','SoundForYou','2017-08-23 00:00:00','http://jamen.do/t/1467380','https://mp3d.jamendo.com/download/track/1467380/mp32/','http://creativecommons.org/licenses/by-nc-sa/3.0/','https://imgjam1.jamendo.com/track/s1467/1467380/covers/1.200.jpg',132,37,498667,'',1467380,'2017-08-24 09:01:40','2017-08-24 09:47:48'),('Javier_de_Lucas','','https://mp3l.jamendo.com/?trackid=1473044&format=mp31&from=app-4e3f05b4','Al final',170582,'https://imgjam2.jamendo.com/albums/s170/170582/covers/1.200.jpg','http://www.jamendo.com/track/1473044','Javier de Lucas','2017-08-22 00:00:00','http://jamen.do/t/1473044','https://mp3d.jamendo.com/download/track/1473044/mp32/','http://creativecommons.org/licenses/by-nc-nd/3.0/','https://imgjam2.jamendo.com/albums/s170/170582/covers/1.200.jpg',216,7,379279,'TOTAL',1473044,'2017-08-24 09:01:40','2017-08-24 09:47:48'),('Javier_de_Lucas','','https://mp3l.jamendo.com/?trackid=1473045&format=mp31&from=app-4e3f05b4','No más noches abrazados',170582,'https://imgjam1.jamendo.com/albums/s170/170582/covers/1.200.jpg','http://www.jamendo.com/track/1473045','Javier de Lucas','2017-08-22 00:00:00','http://jamen.do/t/1473045','https://mp3d.jamendo.com/download/track/1473045/mp32/','http://creativecommons.org/licenses/by-nc-nd/3.0/','https://imgjam1.jamendo.com/albums/s170/170582/covers/1.200.jpg',213,6,379279,'TOTAL',1473045,'2017-08-24 09:01:40','2017-08-24 09:47:48'),('Javier_de_Lucas','','https://mp3l.jamendo.com/?trackid=1473046&format=mp31&from=app-4e3f05b4','Libre al fin',170582,'https://imgjam2.jamendo.com/albums/s170/170582/covers/1.200.jpg','http://www.jamendo.com/track/1473046','Javier de Lucas','2017-08-22 00:00:00','http://jamen.do/t/1473046','https://mp3d.jamendo.com/download/track/1473046/mp32/','http://creativecommons.org/licenses/by-nc-nd/3.0/','https://imgjam2.jamendo.com/albums/s170/170582/covers/1.200.jpg',150,10,379279,'TOTAL',1473046,'2017-08-24 09:01:40','2017-08-24 09:47:48'),('Javier_de_Lucas','','https://mp3l.jamendo.com/?trackid=1473047&format=mp31&from=app-4e3f05b4','Perfume de rosas',170582,'https://imgjam1.jamendo.com/albums/s170/170582/covers/1.200.jpg','http://www.jamendo.com/track/1473047','Javier de Lucas','2017-08-22 00:00:00','http://jamen.do/t/1473047','https://mp3d.jamendo.com/download/track/1473047/mp32/','http://creativecommons.org/licenses/by-nc-nd/3.0/','https://imgjam1.jamendo.com/albums/s170/170582/covers/1.200.jpg',184,4,379279,'TOTAL',1473047,'2017-08-24 09:01:40','2017-08-24 09:47:48'),('Javier_de_Lucas','','https://mp3l.jamendo.com/?trackid=1473048&format=mp31&from=app-4e3f05b4','Piensa en mí',170582,'https://imgjam1.jamendo.com/albums/s170/170582/covers/1.200.jpg','http://www.jamendo.com/track/1473048','Javier de Lucas','2017-08-22 00:00:00','http://jamen.do/t/1473048','https://mp3d.jamendo.com/download/track/1473048/mp32/','http://creativecommons.org/licenses/by-nc-nd/3.0/','https://imgjam1.jamendo.com/albums/s170/170582/covers/1.200.jpg',268,8,379279,'TOTAL',1473048,'2017-08-24 09:01:40','2017-08-24 09:47:48'),('Javier_de_Lucas','','https://mp3l.jamendo.com/?trackid=1473049&format=mp31&from=app-4e3f05b4','Mitad por mitad',170582,'https://imgjam1.jamendo.com/albums/s170/170582/covers/1.200.jpg','http://www.jamendo.com/track/1473049','Javier de Lucas','2017-08-22 00:00:00','http://jamen.do/t/1473049','https://mp3d.jamendo.com/download/track/1473049/mp32/','http://creativecommons.org/licenses/by-nc-nd/3.0/','https://imgjam1.jamendo.com/albums/s170/170582/covers/1.200.jpg',225,5,379279,'TOTAL',1473049,'2017-08-24 09:01:40','2017-08-24 09:47:48'),('Javier_de_Lucas','','https://mp3l.jamendo.com/?trackid=1473050&format=mp31&from=app-4e3f05b4','Plus rien',170582,'https://imgjam1.jamendo.com/albums/s170/170582/covers/1.200.jpg','http://www.jamendo.com/track/1473050','Javier de Lucas','2017-08-22 00:00:00','http://jamen.do/t/1473050','https://mp3d.jamendo.com/download/track/1473050/mp32/','http://creativecommons.org/licenses/by-nc-nd/3.0/','https://imgjam1.jamendo.com/albums/s170/170582/covers/1.200.jpg',217,9,379279,'TOTAL',1473050,'2017-08-24 09:01:40','2017-08-24 09:47:48'),('Javier_de_Lucas','','https://mp3l.jamendo.com/?trackid=1473051&format=mp31&from=app-4e3f05b4','Que seas feliz',170582,'https://imgjam1.jamendo.com/albums/s170/170582/covers/1.200.jpg','http://www.jamendo.com/track/1473051','Javier de Lucas','2017-08-22 00:00:00','http://jamen.do/t/1473051','https://mp3d.jamendo.com/download/track/1473051/mp32/','http://creativecommons.org/licenses/by-nc-nd/3.0/','https://imgjam1.jamendo.com/albums/s170/170582/covers/1.200.jpg',183,1,379279,'TOTAL',1473051,'2017-08-24 09:01:40','2017-08-24 09:47:48'),('Javier_de_Lucas','','https://mp3l.jamendo.com/?trackid=1473052&format=mp31&from=app-4e3f05b4','Si nos dejan',170582,'https://imgjam2.jamendo.com/albums/s170/170582/covers/1.200.jpg','http://www.jamendo.com/track/1473052','Javier de Lucas','2017-08-22 00:00:00','http://jamen.do/t/1473052','https://mp3d.jamendo.com/download/track/1473052/mp32/','http://creativecommons.org/licenses/by-nc-nd/3.0/','https://imgjam2.jamendo.com/albums/s170/170582/covers/1.200.jpg',209,2,379279,'TOTAL',1473052,'2017-08-24 09:01:40','2017-08-24 09:47:48'),('Javier_de_Lucas','','https://mp3l.jamendo.com/?trackid=1473053&format=mp31&from=app-4e3f05b4','Total',170582,'https://imgjam1.jamendo.com/albums/s170/170582/covers/1.200.jpg','http://www.jamendo.com/track/1473053','Javier de Lucas','2017-08-22 00:00:00','http://jamen.do/t/1473053','https://mp3d.jamendo.com/download/track/1473053/mp32/','http://creativecommons.org/licenses/by-nc-nd/3.0/','https://imgjam1.jamendo.com/albums/s170/170582/covers/1.200.jpg',206,3,379279,'TOTAL',1473053,'2017-08-24 09:01:40','2017-08-24 09:47:48'),('Pele-Mele_Guitares','','https://mp3l.jamendo.com/?trackid=1473451&format=mp31&from=app-4e3f05b4','02-Bille de verre',0,'','http://www.jamendo.com/track/1473451','Pele Mele Guitares','2017-08-23 00:00:00','http://jamen.do/t/1473451','https://mp3d.jamendo.com/download/track/1473451/mp32/','http://creativecommons.org/licenses/by-nd/3.0/','https://imgjam1.jamendo.com/track/s1473/1473451/covers/1.200.jpg',262,1,502577,'',1473451,'2017-08-24 09:01:40','2017-08-24 09:47:48'),('Fremito','','https://mp3l.jamendo.com/?trackid=1473511&format=mp31&from=app-4e3f05b4','Bg',170593,'https://imgjam1.jamendo.com/albums/s170/170593/covers/1.200.jpg','http://www.jamendo.com/track/1473511','Frêmito','2017-08-22 00:00:00','http://jamen.do/t/1473511','https://mp3d.jamendo.com/download/track/1473511/mp32/','http://creativecommons.org/licenses/by-nc-sa/3.0/','https://imgjam1.jamendo.com/albums/s170/170593/covers/1.200.jpg',407,5,338138,'Fábrica',1473511,'2017-08-24 09:01:40','2017-08-24 09:47:48'),('Fremito','','https://mp3l.jamendo.com/?trackid=1473512&format=mp31&from=app-4e3f05b4','Chaminé',170593,'https://imgjam2.jamendo.com/albums/s170/170593/covers/1.200.jpg','http://www.jamendo.com/track/1473512','Frêmito','2017-08-22 00:00:00','http://jamen.do/t/1473512','https://mp3d.jamendo.com/download/track/1473512/mp32/','http://creativecommons.org/licenses/by-nc-sa/3.0/','https://imgjam2.jamendo.com/albums/s170/170593/covers/1.200.jpg',219,3,338138,'Fábrica',1473512,'2017-08-24 09:01:40','2017-08-24 09:47:48'),('Fremito','','https://mp3l.jamendo.com/?trackid=1473518&format=mp31&from=app-4e3f05b4','Expediente',170593,'https://imgjam2.jamendo.com/albums/s170/170593/covers/1.200.jpg','http://www.jamendo.com/track/1473518','Frêmito','2017-08-22 00:00:00','http://jamen.do/t/1473518','https://mp3d.jamendo.com/download/track/1473518/mp32/','http://creativecommons.org/licenses/by-nc-sa/3.0/','https://imgjam2.jamendo.com/albums/s170/170593/covers/1.200.jpg',344,2,338138,'Fábrica',1473518,'2017-08-24 09:01:40','2017-08-24 09:47:48'),('Tomorrow_Sounds','','https://mp3l.jamendo.com/?trackid=1473521&format=mp31&from=app-4e3f05b4','desert sun',0,'','http://www.jamendo.com/track/1473521','Tomorrow Sounds','2017-08-22 00:00:00','http://jamen.do/t/1473521','https://mp3d.jamendo.com/download/track/1473521/mp32/','http://creativecommons.org/licenses/by-nc-sa/3.0/','https://imgjam1.jamendo.com/track/s1473/1473521/covers/1.200.jpg',387,51,495347,'',1473521,'2017-08-24 09:01:40','2017-08-24 09:47:48'),('Solidea_(Stefania_Criscitiello)','','https://mp3l.jamendo.com/?trackid=1473522&format=mp31&from=app-4e3f05b4','Solidea - Di Domenica Mattina - Inedito',0,'','http://www.jamendo.com/track/1473522','Solidea (Stefania Criscitiello)','2017-08-23 00:00:00','http://jamen.do/t/1473522','https://mp3d.jamendo.com/download/track/1473522/mp32/','http://creativecommons.org/licenses/by-nd/3.0/','https://imgjam1.jamendo.com/track/s1473/1473522/covers/1.200.jpg',184,7,492560,'',1473522,'2017-08-24 09:01:40','2017-08-24 09:47:48'),('Anatoly_Shestopalov._(2)','','https://mp3l.jamendo.com/?trackid=1473523&format=mp31&from=app-4e3f05b4','Sabrina',0,'','http://www.jamendo.com/track/1473523','Anatoly Shestopalov.','2017-08-22 00:00:00','http://jamen.do/t/1473523','https://mp3d.jamendo.com/download/track/1473523/mp32/','http://creativecommons.org/licenses/by-nc-nd/3.0/','https://imgjam2.jamendo.com/track/s1473/1473523/covers/1.200.jpg',320,531,493206,'',1473523,'2017-08-24 09:01:40','2017-08-24 09:47:48'),('4Scar4','','https://mp3l.jamendo.com/?trackid=1473525&format=mp31&from=app-4e3f05b4','Morning of Carnival',0,'','http://www.jamendo.com/track/1473525','4Scar4','2017-08-22 00:00:00','http://jamen.do/t/1473525','https://mp3d.jamendo.com/download/track/1473525/mp32/','http://creativecommons.org/licenses/by-nd/3.0/','https://imgjam1.jamendo.com/track/s1473/1473525/covers/1.200.jpg',170,9,501759,'',1473525,'2017-08-24 09:01:40','2017-08-24 09:47:48'),('ch_joy','','https://mp3l.jamendo.com/?trackid=1473526&format=mp31&from=app-4e3f05b4','Soft Acoustic Ukulele',0,'','http://www.jamendo.com/track/1473526','ch joy','2017-08-22 00:00:00','http://jamen.do/t/1473526','https://mp3d.jamendo.com/download/track/1473526/mp32/','http://creativecommons.org/licenses/by-nc-sa/3.0/','https://imgjam1.jamendo.com/track/s1473/1473526/covers/1.200.jpg',113,185,479199,'',1473526,'2017-08-24 09:01:40','2017-08-24 09:47:48'),('ch_joy','','https://mp3l.jamendo.com/?trackid=1473527&format=mp31&from=app-4e3f05b4','Upbeat Indie Corporate',0,'','http://www.jamendo.com/track/1473527','ch joy','2017-08-22 00:00:00','http://jamen.do/t/1473527','https://mp3d.jamendo.com/download/track/1473527/mp32/','http://creativecommons.org/licenses/by-nc-sa/3.0/','https://imgjam2.jamendo.com/track/s1473/1473527/covers/1.200.jpg',111,186,479199,'',1473527,'2017-08-24 09:01:40','2017-08-24 09:47:48'),('ch_joy','','https://mp3l.jamendo.com/?trackid=1473528&format=mp31&from=app-4e3f05b4','Upbeat Uplifting Inspiring Corporate',0,'','http://www.jamendo.com/track/1473528','ch joy','2017-08-22 00:00:00','http://jamen.do/t/1473528','https://mp3d.jamendo.com/download/track/1473528/mp32/','http://creativecommons.org/licenses/by-nc-sa/3.0/','https://imgjam2.jamendo.com/track/s1473/1473528/covers/1.200.jpg',95,187,479199,'',1473528,'2017-08-24 09:01:40','2017-08-24 09:47:48'),('Omar_Brianza_y_Mariel_Serrano','','https://mp3l.jamendo.com/?trackid=1473530&format=mp31&from=app-4e3f05b4','Entropy',0,'','http://www.jamendo.com/track/1473530','Omar Brianza','2017-08-22 00:00:00','http://jamen.do/t/1473530','https://mp3d.jamendo.com/download/track/1473530/mp32/','http://creativecommons.org/licenses/by-nc-sa/3.0/','https://imgjam1.jamendo.com/track/s1473/1473530/covers/1.200.jpg',137,38,501735,'',1473530,'2017-08-24 09:01:40','2017-08-24 09:47:48'),('_(1229)','','https://mp3l.jamendo.com/?trackid=1473532&format=mp31&from=app-4e3f05b4','Capriccio',0,'','http://www.jamendo.com/track/1473532','Katakomba','2017-08-22 00:00:00','http://jamen.do/t/1473532','https://mp3d.jamendo.com/download/track/1473532/mp32/','http://creativecommons.org/licenses/by-nc-nd/3.0/','https://imgjam1.jamendo.com/track/s1473/1473532/covers/1.200.jpg',288,2,502435,'',1473532,'2017-08-24 09:01:40','2017-08-24 09:47:48'),('black_city','','https://mp3l.jamendo.com/?trackid=1473533&format=mp31&from=app-4e3f05b4','01.intro',170594,'https://imgjam1.jamendo.com/albums/s170/170594/covers/1.200.jpg','http://www.jamendo.com/track/1473533','black city','2017-08-22 00:00:00','http://jamen.do/t/1473533','https://mp3d.jamendo.com/download/track/1473533/mp32/','http://creativecommons.org/licenses/by-sa/3.0/','https://imgjam1.jamendo.com/albums/s170/170594/covers/1.200.jpg',77,1,484990,'demo 28',1473533,'2017-08-24 09:01:40','2017-08-24 09:47:48'),('black_city','','https://mp3l.jamendo.com/?trackid=1473534&format=mp31&from=app-4e3f05b4','02.executioner',170594,'https://imgjam1.jamendo.com/albums/s170/170594/covers/1.200.jpg','http://www.jamendo.com/track/1473534','black city','2017-08-22 00:00:00','http://jamen.do/t/1473534','https://mp3d.jamendo.com/download/track/1473534/mp32/','http://creativecommons.org/licenses/by-sa/3.0/','https://imgjam1.jamendo.com/albums/s170/170594/covers/1.200.jpg',207,2,484990,'demo 28',1473534,'2017-08-24 09:01:40','2017-08-24 09:47:48'),('black_city','','https://mp3l.jamendo.com/?trackid=1473535&format=mp31&from=app-4e3f05b4','03.life',170594,'https://imgjam1.jamendo.com/albums/s170/170594/covers/1.200.jpg','http://www.jamendo.com/track/1473535','black city','2017-08-22 00:00:00','http://jamen.do/t/1473535','https://mp3d.jamendo.com/download/track/1473535/mp32/','http://creativecommons.org/licenses/by-sa/3.0/','https://imgjam1.jamendo.com/albums/s170/170594/covers/1.200.jpg',221,3,484990,'demo 28',1473535,'2017-08-24 09:01:40','2017-08-24 09:47:48'),('black_city','','https://mp3l.jamendo.com/?trackid=1473536&format=mp31&from=app-4e3f05b4','04.soul',170594,'https://imgjam1.jamendo.com/albums/s170/170594/covers/1.200.jpg','http://www.jamendo.com/track/1473536','black city','2017-08-22 00:00:00','http://jamen.do/t/1473536','https://mp3d.jamendo.com/download/track/1473536/mp32/','http://creativecommons.org/licenses/by-sa/3.0/','https://imgjam1.jamendo.com/albums/s170/170594/covers/1.200.jpg',193,4,484990,'demo 28',1473536,'2017-08-24 09:01:40','2017-08-24 09:47:48'),('black_city','','https://mp3l.jamendo.com/?trackid=1473537&format=mp31&from=app-4e3f05b4','05.reality',170594,'https://imgjam2.jamendo.com/albums/s170/170594/covers/1.200.jpg','http://www.jamendo.com/track/1473537','black city','2017-08-22 00:00:00','http://jamen.do/t/1473537','https://mp3d.jamendo.com/download/track/1473537/mp32/','http://creativecommons.org/licenses/by-sa/3.0/','https://imgjam2.jamendo.com/albums/s170/170594/covers/1.200.jpg',184,5,484990,'demo 28',1473537,'2017-08-24 09:01:40','2017-08-24 09:47:48'),('black_city','','https://mp3l.jamendo.com/?trackid=1473538&format=mp31&from=app-4e3f05b4','06.panic',170594,'https://imgjam1.jamendo.com/albums/s170/170594/covers/1.200.jpg','http://www.jamendo.com/track/1473538','black city','2017-08-22 00:00:00','http://jamen.do/t/1473538','https://mp3d.jamendo.com/download/track/1473538/mp32/','http://creativecommons.org/licenses/by-sa/3.0/','https://imgjam1.jamendo.com/albums/s170/170594/covers/1.200.jpg',206,6,484990,'demo 28',1473538,'2017-08-24 09:01:40','2017-08-24 09:47:48'),('Giocol_(3)','','https://mp3l.jamendo.com/?trackid=1473539&format=mp31&from=app-4e3f05b4','I am talking to you',0,'','http://www.jamendo.com/track/1473539','Giocol','2017-08-22 00:00:00','http://jamen.do/t/1473539','https://mp3d.jamendo.com/download/track/1473539/mp32/','http://creativecommons.org/licenses/by/3.0/','https://imgjam1.jamendo.com/track/s1473/1473539/covers/1.200.jpg',208,279,485021,'',1473539,'2017-08-24 09:01:40','2017-08-24 09:47:48'),('Mecizand','','https://mp3l.jamendo.com/?trackid=1473540&format=mp31&from=app-4e3f05b4','Варган из тьмы',170586,'https://imgjam1.jamendo.com/albums/s170/170586/covers/1.200.jpg','http://www.jamendo.com/track/1473540','Mecizand','2017-08-23 00:00:00','http://jamen.do/t/1473540','https://mp3d.jamendo.com/download/track/1473540/mp32/','http://creativecommons.org/licenses/by-nc-nd/3.0/','https://imgjam1.jamendo.com/albums/s170/170586/covers/1.200.jpg',124,1,501926,'Also sprach Nagarjuna (Буддийский альбом)',1473540,'2017-08-24 09:01:40','2017-08-24 09:47:48'),('Mecizand','','https://mp3l.jamendo.com/?trackid=1473541&format=mp31&from=app-4e3f05b4','Энергия Ци в действии',170586,'https://imgjam1.jamendo.com/albums/s170/170586/covers/1.200.jpg','http://www.jamendo.com/track/1473541','Mecizand','2017-08-23 00:00:00','http://jamen.do/t/1473541','https://mp3d.jamendo.com/download/track/1473541/mp32/','http://creativecommons.org/licenses/by-nc-nd/3.0/','https://imgjam1.jamendo.com/albums/s170/170586/covers/1.200.jpg',256,4,501926,'Also sprach Nagarjuna (Буддийский альбом)',1473541,'2017-08-24 09:01:40','2017-08-24 09:47:48'),('Mecizand','','https://mp3l.jamendo.com/?trackid=1473542&format=mp31&from=app-4e3f05b4','Мантра роста',170586,'https://imgjam1.jamendo.com/albums/s170/170586/covers/1.200.jpg','http://www.jamendo.com/track/1473542','Mecizand','2017-08-23 00:00:00','http://jamen.do/t/1473542','https://mp3d.jamendo.com/download/track/1473542/mp32/','http://creativecommons.org/licenses/by-nc-nd/3.0/','https://imgjam1.jamendo.com/albums/s170/170586/covers/1.200.jpg',439,6,501926,'Also sprach Nagarjuna (Буддийский альбом)',1473542,'2017-08-24 09:01:40','2017-08-24 09:47:48'),('Mecizand','','https://mp3l.jamendo.com/?trackid=1473543&format=mp31&from=app-4e3f05b4','Мантра пустоты',170586,'https://imgjam1.jamendo.com/albums/s170/170586/covers/1.200.jpg','http://www.jamendo.com/track/1473543','Mecizand','2017-08-23 00:00:00','http://jamen.do/t/1473543','https://mp3d.jamendo.com/download/track/1473543/mp32/','http://creativecommons.org/licenses/by-nc-nd/3.0/','https://imgjam1.jamendo.com/albums/s170/170586/covers/1.200.jpg',318,5,501926,'Also sprach Nagarjuna (Буддийский альбом)',1473543,'2017-08-24 09:01:40','2017-08-24 09:47:48'),('Mecizand','','https://mp3l.jamendo.com/?trackid=1473544&format=mp31&from=app-4e3f05b4','Голодные духи',170586,'https://imgjam1.jamendo.com/albums/s170/170586/covers/1.200.jpg','http://www.jamendo.com/track/1473544','Mecizand','2017-08-23 00:00:00','http://jamen.do/t/1473544','https://mp3d.jamendo.com/download/track/1473544/mp32/','http://creativecommons.org/licenses/by-nc-nd/3.0/','https://imgjam1.jamendo.com/albums/s170/170586/covers/1.200.jpg',170,2,501926,'Also sprach Nagarjuna (Буддийский альбом)',1473544,'2017-08-24 09:01:40','2017-08-24 09:47:48'),('Mecizand','','https://mp3l.jamendo.com/?trackid=1473545&format=mp31&from=app-4e3f05b4','Om Mahakala Hum Phat',170586,'https://imgjam1.jamendo.com/albums/s170/170586/covers/1.200.jpg','http://www.jamendo.com/track/1473545','Mecizand','2017-08-23 00:00:00','http://jamen.do/t/1473545','https://mp3d.jamendo.com/download/track/1473545/mp32/','http://creativecommons.org/licenses/by-nc-nd/3.0/','https://imgjam1.jamendo.com/albums/s170/170586/covers/1.200.jpg',424,3,501926,'Also sprach Nagarjuna (Буддийский альбом)',1473545,'2017-08-24 09:01:40','2017-08-24 09:47:48'),('Mecizand','','https://mp3l.jamendo.com/?trackid=1473546&format=mp31&from=app-4e3f05b4','Om Mani Padme Hum (Чайник Нагарджуны)',170586,'https://imgjam1.jamendo.com/albums/s170/170586/covers/1.200.jpg','http://www.jamendo.com/track/1473546','Mecizand','2017-08-23 00:00:00','http://jamen.do/t/1473546','https://mp3d.jamendo.com/download/track/1473546/mp32/','http://creativecommons.org/licenses/by-nc-nd/3.0/','https://imgjam1.jamendo.com/albums/s170/170586/covers/1.200.jpg',129,7,501926,'Also sprach Nagarjuna (Буддийский альбом)',1473546,'2017-08-24 09:01:40','2017-08-24 09:47:48'),('Mecizand','','https://mp3l.jamendo.com/?trackid=1473547&format=mp31&from=app-4e3f05b4','Випашьяна на перегоне &quot;Звёздная&quot; / &quot;Купчино&quot;',170586,'https://imgjam1.jamendo.com/albums/s170/170586/covers/1.200.jpg','http://www.jamendo.com/track/1473547','Mecizand','2017-08-23 00:00:00','http://jamen.do/t/1473547','https://mp3d.jamendo.com/download/track/1473547/mp32/','http://creativecommons.org/licenses/by-nc-nd/3.0/','https://imgjam1.jamendo.com/albums/s170/170586/covers/1.200.jpg',407,8,501926,'Also sprach Nagarjuna (Буддийский альбом)',1473547,'2017-08-24 09:01:40','2017-08-24 09:47:48'),('Mecizand','','https://mp3l.jamendo.com/?trackid=1473548&format=mp31&from=app-4e3f05b4','Варган во тьму',170586,'https://imgjam1.jamendo.com/albums/s170/170586/covers/1.200.jpg','http://www.jamendo.com/track/1473548','Mecizand','2017-08-23 00:00:00','http://jamen.do/t/1473548','https://mp3d.jamendo.com/download/track/1473548/mp32/','http://creativecommons.org/licenses/by-nc-nd/3.0/','https://imgjam1.jamendo.com/albums/s170/170586/covers/1.200.jpg',100,10,501926,'Also sprach Nagarjuna (Буддийский альбом)',1473548,'2017-08-24 09:01:40','2017-08-24 09:47:48'),('Mecizand','','https://mp3l.jamendo.com/?trackid=1473549&format=mp31&from=app-4e3f05b4','Ночь на &quot;Горьковской&quot;',170586,'https://imgjam2.jamendo.com/albums/s170/170586/covers/1.200.jpg','http://www.jamendo.com/track/1473549','Mecizand','2017-08-23 00:00:00','http://jamen.do/t/1473549','https://mp3d.jamendo.com/download/track/1473549/mp32/','http://creativecommons.org/licenses/by-nc-nd/3.0/','https://imgjam2.jamendo.com/albums/s170/170586/covers/1.200.jpg',456,9,501926,'Also sprach Nagarjuna (Буддийский альбом)',1473549,'2017-08-24 09:01:40','2017-08-24 09:47:48'),('Mnemoteknik','','https://mp3l.jamendo.com/?trackid=1473550&format=mp31&from=app-4e3f05b4','stars',0,'','http://www.jamendo.com/track/1473550','Mnémoteknik','2017-08-22 00:00:00','http://jamen.do/t/1473550','https://mp3d.jamendo.com/download/track/1473550/mp32/','http://creativecommons.org/licenses/by-sa/3.0/','https://imgjam1.jamendo.com/track/s1473/1473550/covers/1.200.jpg',285,2,502626,'',1473550,'2017-08-24 09:01:40','2017-08-24 09:47:48'),('LJBeatz_prod.','','https://mp3l.jamendo.com/?trackid=1473551&format=mp31&from=app-4e3f05b4','lastjokerbeatz - beat_2',0,'','http://www.jamendo.com/track/1473551','lastjokerbeatz','2017-08-22 00:00:00','http://jamen.do/t/1473551','https://mp3d.jamendo.com/download/track/1473551/mp32/','http://creativecommons.org/licenses/by-nd/3.0/','https://imgjam2.jamendo.com/track/s1473/1473551/covers/1.200.jpg',82,15,497369,'',1473551,'2017-08-24 09:01:40','2017-08-24 09:47:48'),('Luka_Tanz','','https://mp3l.jamendo.com/?trackid=1473552&format=mp31&from=app-4e3f05b4','Romanticismo',0,'','http://www.jamendo.com/track/1473552','Luka Tanz','2017-08-22 00:00:00','http://jamen.do/t/1473552','https://mp3d.jamendo.com/download/track/1473552/mp32/','http://creativecommons.org/licenses/by-sa/3.0/','https://imgjam1.jamendo.com/track/s1473/1473552/covers/1.200.jpg',129,5,502488,'',1473552,'2017-08-24 09:01:40','2017-08-24 09:47:48'),('RogerThat','','https://mp3l.jamendo.com/?trackid=1473566&format=mp31&from=app-4e3f05b4','Uplifting Orchestral Rock',0,'','http://www.jamendo.com/track/1473566','RogerThat','2017-08-22 00:00:00','http://jamen.do/t/1473566','https://mp3d.jamendo.com/download/track/1473566/mp32/','http://creativecommons.org/licenses/by-nc-nd/3.0/','https://imgjam1.jamendo.com/track/s1473/1473566/covers/1.200.jpg',159,111,495125,'',1473566,'2017-08-24 09:01:40','2017-08-24 09:47:48'),('RogerThat','','https://mp3l.jamendo.com/?trackid=1473568&format=mp31&from=app-4e3f05b4','Aggressive Electronic Chase',0,'','http://www.jamendo.com/track/1473568','RogerThat','2017-08-22 00:00:00','http://jamen.do/t/1473568','https://mp3d.jamendo.com/download/track/1473568/mp32/','http://creativecommons.org/licenses/by-nc-nd/3.0/','https://imgjam2.jamendo.com/track/s1473/1473568/covers/1.200.jpg',157,113,495125,'',1473568,'2017-08-24 09:01:40','2017-08-24 09:47:48'),('soundside','','https://mp3l.jamendo.com/?trackid=1473592&format=mp31&from=app-4e3f05b4','Calm Story (Version1)',170598,'https://imgjam1.jamendo.com/albums/s170/170598/covers/1.200.jpg','http://www.jamendo.com/track/1473592','soundside (royalty free music)','2017-08-22 00:00:00','http://jamen.do/t/1473592','https://mp3d.jamendo.com/download/track/1473592/mp32/','http://creativecommons.org/licenses/by-nc-sa/3.0/','https://imgjam1.jamendo.com/albums/s170/170598/covers/1.200.jpg',158,5,493445,'Calm Story',1473592,'2017-08-24 09:01:40','2017-08-24 09:47:48'),('soundside','','https://mp3l.jamendo.com/?trackid=1473593&format=mp31&from=app-4e3f05b4','Calm Story (Version2)',170598,'https://imgjam2.jamendo.com/albums/s170/170598/covers/1.200.jpg','http://www.jamendo.com/track/1473593','soundside (royalty free music)','2017-08-22 00:00:00','http://jamen.do/t/1473593','https://mp3d.jamendo.com/download/track/1473593/mp32/','http://creativecommons.org/licenses/by-nc-sa/3.0/','https://imgjam2.jamendo.com/albums/s170/170598/covers/1.200.jpg',112,4,493445,'Calm Story',1473593,'2017-08-24 09:01:40','2017-08-24 09:47:48'),('soundside','','https://mp3l.jamendo.com/?trackid=1473594&format=mp31&from=app-4e3f05b4','Calm Story (Version3)',170598,'https://imgjam1.jamendo.com/albums/s170/170598/covers/1.200.jpg','http://www.jamendo.com/track/1473594','soundside (royalty free music)','2017-08-22 00:00:00','http://jamen.do/t/1473594','https://mp3d.jamendo.com/download/track/1473594/mp32/','http://creativecommons.org/licenses/by-nc-sa/3.0/','https://imgjam1.jamendo.com/albums/s170/170598/covers/1.200.jpg',81,3,493445,'Calm Story',1473594,'2017-08-24 09:01:40','2017-08-24 09:47:48'),('soundside','','https://mp3l.jamendo.com/?trackid=1473595&format=mp31&from=app-4e3f05b4','Calm Story (Version4)',170598,'https://imgjam2.jamendo.com/albums/s170/170598/covers/1.200.jpg','http://www.jamendo.com/track/1473595','soundside (royalty free music)','2017-08-22 00:00:00','http://jamen.do/t/1473595','https://mp3d.jamendo.com/download/track/1473595/mp32/','http://creativecommons.org/licenses/by-nc-sa/3.0/','https://imgjam2.jamendo.com/albums/s170/170598/covers/1.200.jpg',65,2,493445,'Calm Story',1473595,'2017-08-24 09:01:40','2017-08-24 09:47:48'),('soundside','','https://mp3l.jamendo.com/?trackid=1473596&format=mp31&from=app-4e3f05b4','Calm Story (Version5)',170598,'https://imgjam1.jamendo.com/albums/s170/170598/covers/1.200.jpg','http://www.jamendo.com/track/1473596','soundside (royalty free music)','2017-08-22 00:00:00','http://jamen.do/t/1473596','https://mp3d.jamendo.com/download/track/1473596/mp32/','http://creativecommons.org/licenses/by-nc-sa/3.0/','https://imgjam1.jamendo.com/albums/s170/170598/covers/1.200.jpg',50,1,493445,'Calm Story',1473596,'2017-08-24 09:01:40','2017-08-24 09:47:48'),('Fabio_Santangelo_(4)','','https://mp3l.jamendo.com/?trackid=1473597&format=mp31&from=app-4e3f05b4','Midnight Secrets',170603,'https://imgjam1.jamendo.com/albums/s170/170603/covers/1.200.jpg','http://www.jamendo.com/track/1473597','Fabio Santangelo','2017-08-23 00:00:00','http://jamen.do/t/1473597','https://mp3d.jamendo.com/download/track/1473597/mp32/','http://creativecommons.org/licenses/by-nc-nd/3.0/','https://imgjam1.jamendo.com/albums/s170/170603/covers/1.200.jpg',210,1,502119,'Piano Groove',1473597,'2017-08-24 09:01:40','2017-08-24 09:47:48'),('Fabio_Santangelo_(4)','','https://mp3l.jamendo.com/?trackid=1473598&format=mp31&from=app-4e3f05b4','Best Pain',170603,'https://imgjam1.jamendo.com/albums/s170/170603/covers/1.200.jpg','http://www.jamendo.com/track/1473598','Fabio Santangelo','2017-08-23 00:00:00','http://jamen.do/t/1473598','https://mp3d.jamendo.com/download/track/1473598/mp32/','http://creativecommons.org/licenses/by-nc-nd/3.0/','https://imgjam1.jamendo.com/albums/s170/170603/covers/1.200.jpg',263,2,502119,'Piano Groove',1473598,'2017-08-24 09:01:40','2017-08-24 09:47:48'),('Fabio_Santangelo_(4)','','https://mp3l.jamendo.com/?trackid=1473599&format=mp31&from=app-4e3f05b4','Endless Chances',170603,'https://imgjam2.jamendo.com/albums/s170/170603/covers/1.200.jpg','http://www.jamendo.com/track/1473599','Fabio Santangelo','2017-08-23 00:00:00','http://jamen.do/t/1473599','https://mp3d.jamendo.com/download/track/1473599/mp32/','http://creativecommons.org/licenses/by-nc-nd/3.0/','https://imgjam2.jamendo.com/albums/s170/170603/covers/1.200.jpg',250,3,502119,'Piano Groove',1473599,'2017-08-24 09:01:40','2017-08-24 09:47:48'),('Fabio_Santangelo_(4)','','https://mp3l.jamendo.com/?trackid=1473600&format=mp31&from=app-4e3f05b4','Someday',170603,'https://imgjam2.jamendo.com/albums/s170/170603/covers/1.200.jpg','http://www.jamendo.com/track/1473600','Fabio Santangelo','2017-08-23 00:00:00','http://jamen.do/t/1473600','https://mp3d.jamendo.com/download/track/1473600/mp32/','http://creativecommons.org/licenses/by-nc-nd/3.0/','https://imgjam2.jamendo.com/albums/s170/170603/covers/1.200.jpg',255,4,502119,'Piano Groove',1473600,'2017-08-24 09:01:40','2017-08-24 09:47:48'),('Fabio_Santangelo_(4)','','https://mp3l.jamendo.com/?trackid=1473601&format=mp31&from=app-4e3f05b4','Forgiveness',170603,'https://imgjam2.jamendo.com/albums/s170/170603/covers/1.200.jpg','http://www.jamendo.com/track/1473601','Fabio Santangelo','2017-08-23 00:00:00','http://jamen.do/t/1473601','https://mp3d.jamendo.com/download/track/1473601/mp32/','http://creativecommons.org/licenses/by-nc-nd/3.0/','https://imgjam2.jamendo.com/albums/s170/170603/covers/1.200.jpg',335,5,502119,'Piano Groove',1473601,'2017-08-24 09:01:40','2017-08-24 09:47:48'),('Fabio_Santangelo_(4)','','https://mp3l.jamendo.com/?trackid=1473602&format=mp31&from=app-4e3f05b4','Vibrations Of Fire',170603,'https://imgjam1.jamendo.com/albums/s170/170603/covers/1.200.jpg','http://www.jamendo.com/track/1473602','Fabio Santangelo','2017-08-23 00:00:00','http://jamen.do/t/1473602','https://mp3d.jamendo.com/download/track/1473602/mp32/','http://creativecommons.org/licenses/by-nc-nd/3.0/','https://imgjam1.jamendo.com/albums/s170/170603/covers/1.200.jpg',254,6,502119,'Piano Groove',1473602,'2017-08-24 09:01:40','2017-08-24 09:47:48'),('Fabio_Santangelo_(4)','','https://mp3l.jamendo.com/?trackid=1473603&format=mp31&from=app-4e3f05b4','Dawn Of A New Day',170603,'https://imgjam1.jamendo.com/albums/s170/170603/covers/1.200.jpg','http://www.jamendo.com/track/1473603','Fabio Santangelo','2017-08-23 00:00:00','http://jamen.do/t/1473603','https://mp3d.jamendo.com/download/track/1473603/mp32/','http://creativecommons.org/licenses/by-nc-nd/3.0/','https://imgjam1.jamendo.com/albums/s170/170603/covers/1.200.jpg',350,7,502119,'Piano Groove',1473603,'2017-08-24 09:01:40','2017-08-24 09:47:48'),('Fabio_Santangelo_(4)','','https://mp3l.jamendo.com/?trackid=1473604&format=mp31&from=app-4e3f05b4','Falling (In Love)',170603,'https://imgjam1.jamendo.com/albums/s170/170603/covers/1.200.jpg','http://www.jamendo.com/track/1473604','Fabio Santangelo','2017-08-23 00:00:00','http://jamen.do/t/1473604','https://mp3d.jamendo.com/download/track/1473604/mp32/','http://creativecommons.org/licenses/by-nc-nd/3.0/','https://imgjam1.jamendo.com/albums/s170/170603/covers/1.200.jpg',296,8,502119,'Piano Groove',1473604,'2017-08-24 09:01:40','2017-08-24 09:47:48'),('Fabio_Santangelo_(4)','','https://mp3l.jamendo.com/?trackid=1473605&format=mp31&from=app-4e3f05b4','Daydreams',170603,'https://imgjam1.jamendo.com/albums/s170/170603/covers/1.200.jpg','http://www.jamendo.com/track/1473605','Fabio Santangelo','2017-08-23 00:00:00','http://jamen.do/t/1473605','https://mp3d.jamendo.com/download/track/1473605/mp32/','http://creativecommons.org/licenses/by-nc-nd/3.0/','https://imgjam1.jamendo.com/albums/s170/170603/covers/1.200.jpg',248,10,502119,'Piano Groove',1473605,'2017-08-24 09:01:40','2017-08-24 09:47:48'),('Fabio_Santangelo_(4)','','https://mp3l.jamendo.com/?trackid=1473606&format=mp31&from=app-4e3f05b4','Angels',170603,'https://imgjam2.jamendo.com/albums/s170/170603/covers/1.200.jpg','http://www.jamendo.com/track/1473606','Fabio Santangelo','2017-08-23 00:00:00','http://jamen.do/t/1473606','https://mp3d.jamendo.com/download/track/1473606/mp32/','http://creativecommons.org/licenses/by-nc-nd/3.0/','https://imgjam2.jamendo.com/albums/s170/170603/covers/1.200.jpg',312,9,502119,'Piano Groove',1473606,'2017-08-24 09:01:40','2017-08-24 09:47:48'),('Uikhtor','','https://mp3l.jamendo.com/?trackid=1473607&format=mp31&from=app-4e3f05b4','02 Waltz',170599,'https://imgjam1.jamendo.com/albums/s170/170599/covers/1.200.jpg','http://www.jamendo.com/track/1473607','Uikhtor','2017-08-22 00:00:00','http://jamen.do/t/1473607','https://mp3d.jamendo.com/download/track/1473607/mp32/','http://creativecommons.org/licenses/by-nc-sa/3.0/','https://imgjam1.jamendo.com/albums/s170/170599/covers/1.200.jpg',170,2,431809,'4 Instrums',1473607,'2017-08-24 09:01:40','2017-08-24 09:47:48'),('Uikhtor','','https://mp3l.jamendo.com/?trackid=1473608&format=mp31&from=app-4e3f05b4','01 Train',170599,'https://imgjam1.jamendo.com/albums/s170/170599/covers/1.200.jpg','http://www.jamendo.com/track/1473608','Uikhtor','2017-08-22 00:00:00','http://jamen.do/t/1473608','https://mp3d.jamendo.com/download/track/1473608/mp32/','http://creativecommons.org/licenses/by-nc-sa/3.0/','https://imgjam1.jamendo.com/albums/s170/170599/covers/1.200.jpg',210,1,431809,'4 Instrums',1473608,'2017-08-24 09:01:40','2017-08-24 09:47:48'),('Uikhtor','','https://mp3l.jamendo.com/?trackid=1473609&format=mp31&from=app-4e3f05b4','05 White birch',170599,'https://imgjam2.jamendo.com/albums/s170/170599/covers/1.200.jpg','http://www.jamendo.com/track/1473609','Uikhtor','2017-08-22 00:00:00','http://jamen.do/t/1473609','https://mp3d.jamendo.com/download/track/1473609/mp32/','http://creativecommons.org/licenses/by-nc-sa/3.0/','https://imgjam2.jamendo.com/albums/s170/170599/covers/1.200.jpg',182,5,431809,'4 Instrums',1473609,'2017-08-24 09:01:40','2017-08-24 09:47:48'),('Uikhtor','','https://mp3l.jamendo.com/?trackid=1473610&format=mp31&from=app-4e3f05b4','06 Dad, give me the money',170599,'https://imgjam2.jamendo.com/albums/s170/170599/covers/1.200.jpg','http://www.jamendo.com/track/1473610','Uikhtor','2017-08-22 00:00:00','http://jamen.do/t/1473610','https://mp3d.jamendo.com/download/track/1473610/mp32/','http://creativecommons.org/licenses/by-nc-sa/3.0/','https://imgjam2.jamendo.com/albums/s170/170599/covers/1.200.jpg',122,6,431809,'4 Instrums',1473610,'2017-08-24 09:01:40','2017-08-24 09:47:48'),('Uikhtor','','https://mp3l.jamendo.com/?trackid=1473611&format=mp31&from=app-4e3f05b4','04 He did not return',170599,'https://imgjam2.jamendo.com/albums/s170/170599/covers/1.200.jpg','http://www.jamendo.com/track/1473611','Uikhtor','2017-08-22 00:00:00','http://jamen.do/t/1473611','https://mp3d.jamendo.com/download/track/1473611/mp32/','http://creativecommons.org/licenses/by-nc-sa/3.0/','https://imgjam2.jamendo.com/albums/s170/170599/covers/1.200.jpg',145,4,431809,'4 Instrums',1473611,'2017-08-24 09:01:40','2017-08-24 09:47:48'),('Uikhtor','','https://mp3l.jamendo.com/?trackid=1473612&format=mp31&from=app-4e3f05b4','03 Crybaby',170599,'https://imgjam2.jamendo.com/albums/s170/170599/covers/1.200.jpg','http://www.jamendo.com/track/1473612','Uikhtor','2017-08-22 00:00:00','http://jamen.do/t/1473612','https://mp3d.jamendo.com/download/track/1473612/mp32/','http://creativecommons.org/licenses/by-nc-sa/3.0/','https://imgjam2.jamendo.com/albums/s170/170599/covers/1.200.jpg',133,3,431809,'4 Instrums',1473612,'2017-08-24 09:01:40','2017-08-24 09:47:48'),('Degrees','','https://mp3l.jamendo.com/?trackid=1473613&format=mp31&from=app-4e3f05b4','Run to The Music',159259,'https://imgjam2.jamendo.com/albums/s159/159259/covers/1.200.jpg','http://www.jamendo.com/track/1473613','Degrees','2017-08-23 00:00:00','http://jamen.do/t/1473613','https://mp3d.jamendo.com/download/track/1473613/mp32/','http://creativecommons.org/licenses/by-nc-sa/3.0/','https://imgjam2.jamendo.com/albums/s159/159259/covers/1.200.jpg',278,4,359573,'Demo Pt.I',1473613,'2017-08-24 09:01:40','2017-08-24 09:47:48'),('Degrees','','https://mp3l.jamendo.com/?trackid=1473614&format=mp31&from=app-4e3f05b4','Home',159259,'https://imgjam2.jamendo.com/albums/s159/159259/covers/1.200.jpg','http://www.jamendo.com/track/1473614','Degrees','2017-08-23 00:00:00','http://jamen.do/t/1473614','https://mp3d.jamendo.com/download/track/1473614/mp32/','http://creativecommons.org/licenses/by-nc-sa/3.0/','https://imgjam2.jamendo.com/albums/s159/159259/covers/1.200.jpg',383,5,359573,'Demo Pt.I',1473614,'2017-08-24 09:01:40','2017-08-24 09:47:48'),('Degrees','','https://mp3l.jamendo.com/?trackid=1473615&format=mp31&from=app-4e3f05b4','Baby Oh Baby',159259,'https://imgjam2.jamendo.com/albums/s159/159259/covers/1.200.jpg','http://www.jamendo.com/track/1473615','Degrees','2017-08-23 00:00:00','http://jamen.do/t/1473615','https://mp3d.jamendo.com/download/track/1473615/mp32/','http://creativecommons.org/licenses/by-nc-sa/3.0/','https://imgjam2.jamendo.com/albums/s159/159259/covers/1.200.jpg',233,2,359573,'Demo Pt.I',1473615,'2017-08-24 09:01:40','2017-08-24 09:47:48'),('Degrees','','https://mp3l.jamendo.com/?trackid=1473616&format=mp31&from=app-4e3f05b4','To Come Back Alive',159259,'https://imgjam2.jamendo.com/albums/s159/159259/covers/1.200.jpg','http://www.jamendo.com/track/1473616','Degrees','2017-08-23 00:00:00','http://jamen.do/t/1473616','https://mp3d.jamendo.com/download/track/1473616/mp32/','http://creativecommons.org/licenses/by-nc-sa/3.0/','https://imgjam2.jamendo.com/albums/s159/159259/covers/1.200.jpg',311,7,359573,'Demo Pt.I',1473616,'2017-08-24 09:01:40','2017-08-24 09:47:48'),('Degrees','','https://mp3l.jamendo.com/?trackid=1473617&format=mp31&from=app-4e3f05b4','France Maybe Spain',159259,'https://imgjam1.jamendo.com/albums/s159/159259/covers/1.200.jpg','http://www.jamendo.com/track/1473617','Degrees','2017-08-23 00:00:00','http://jamen.do/t/1473617','https://mp3d.jamendo.com/download/track/1473617/mp32/','http://creativecommons.org/licenses/by-nc-sa/3.0/','https://imgjam1.jamendo.com/albums/s159/159259/covers/1.200.jpg',258,6,359573,'Demo Pt.I',1473617,'2017-08-24 09:01:40','2017-08-24 09:47:48'),('Degrees','','https://mp3l.jamendo.com/?trackid=1473618&format=mp31&from=app-4e3f05b4','Gossip Girls',159259,'https://imgjam1.jamendo.com/albums/s159/159259/covers/1.200.jpg','http://www.jamendo.com/track/1473618','Degrees','2017-08-23 00:00:00','http://jamen.do/t/1473618','https://mp3d.jamendo.com/download/track/1473618/mp32/','http://creativecommons.org/licenses/by-nc-sa/3.0/','https://imgjam1.jamendo.com/albums/s159/159259/covers/1.200.jpg',235,9,359573,'Demo Pt.I',1473618,'2017-08-24 09:01:40','2017-08-24 09:47:48'),('Degrees','','https://mp3l.jamendo.com/?trackid=1473619&format=mp31&from=app-4e3f05b4','Machines-Mirrors',159259,'https://imgjam1.jamendo.com/albums/s159/159259/covers/1.200.jpg','http://www.jamendo.com/track/1473619','Degrees','2017-08-23 00:00:00','http://jamen.do/t/1473619','https://mp3d.jamendo.com/download/track/1473619/mp32/','http://creativecommons.org/licenses/by-nc-sa/3.0/','https://imgjam1.jamendo.com/albums/s159/159259/covers/1.200.jpg',163,1,359573,'Demo Pt.I',1473619,'2017-08-24 09:01:40','2017-08-24 09:47:48'),('Degrees','','https://mp3l.jamendo.com/?trackid=1473620&format=mp31&from=app-4e3f05b4','The Sleep I Need',159259,'https://imgjam1.jamendo.com/albums/s159/159259/covers/1.200.jpg','http://www.jamendo.com/track/1473620','Degrees','2017-08-23 00:00:00','http://jamen.do/t/1473620','https://mp3d.jamendo.com/download/track/1473620/mp32/','http://creativecommons.org/licenses/by-nc-sa/3.0/','https://imgjam1.jamendo.com/albums/s159/159259/covers/1.200.jpg',316,3,359573,'Demo Pt.I',1473620,'2017-08-24 09:01:40','2017-08-24 09:47:48'),('Degrees','','https://mp3l.jamendo.com/?trackid=1473621&format=mp31&from=app-4e3f05b4','Into the Action',159259,'https://imgjam1.jamendo.com/albums/s159/159259/covers/1.200.jpg','http://www.jamendo.com/track/1473621','Degrees','2017-08-23 00:00:00','http://jamen.do/t/1473621','https://mp3d.jamendo.com/download/track/1473621/mp32/','http://creativecommons.org/licenses/by-nc-sa/3.0/','https://imgjam1.jamendo.com/albums/s159/159259/covers/1.200.jpg',282,8,359573,'Demo Pt.I',1473621,'2017-08-24 09:01:40','2017-08-24 09:47:48'),('Degrees','','https://mp3l.jamendo.com/?trackid=1473622&format=mp31&from=app-4e3f05b4','Laura',159259,'https://imgjam2.jamendo.com/albums/s159/159259/covers/1.200.jpg','http://www.jamendo.com/track/1473622','Degrees','2017-08-23 00:00:00','http://jamen.do/t/1473622','https://mp3d.jamendo.com/download/track/1473622/mp32/','http://creativecommons.org/licenses/by-nc-sa/3.0/','https://imgjam2.jamendo.com/albums/s159/159259/covers/1.200.jpg',431,10,359573,'Demo Pt.I',1473622,'2017-08-24 09:01:40','2017-08-24 09:47:48'),('JasOn_Off','','https://mp3l.jamendo.com/?trackid=1473626&format=mp31&from=app-4e3f05b4','Dream Of Tornadoes',0,'','http://www.jamendo.com/track/1473626','JasOn/Off','2017-08-23 00:00:00','http://jamen.do/t/1473626','https://mp3d.jamendo.com/download/track/1473626/mp32/','http://creativecommons.org/licenses/by-nc-sa/3.0/','https://imgjam2.jamendo.com/track/s1473/1473626/covers/1.200.jpg',224,8,470847,'',1473626,'2017-08-24 09:01:40','2017-08-24 09:47:48'),('Andrea_Torti','','https://mp3l.jamendo.com/?trackid=1473629&format=mp31&from=app-4e3f05b4','I want you',0,'','http://www.jamendo.com/track/1473629','Andrea Torti','2017-08-23 00:00:00','http://jamen.do/t/1473629','https://mp3d.jamendo.com/download/track/1473629/mp32/','http://creativecommons.org/licenses/by-nc-nd/3.0/','https://imgjam2.jamendo.com/track/s1473/1473629/covers/1.200.jpg',178,25,454124,'',1473629,'2017-08-24 09:01:40','2017-08-24 09:47:48'),('MaaBo_(3)','','https://mp3l.jamendo.com/?trackid=1473631&format=mp31&from=app-4e3f05b4','Su Naturaleza',0,'','http://www.jamendo.com/track/1473631','Miguel Angel Albentosa Bó (MaaBo)','2017-08-23 00:00:00','http://jamen.do/t/1473631','https://mp3d.jamendo.com/download/track/1473631/mp32/','http://creativecommons.org/licenses/by-nc-nd/3.0/','https://imgjam2.jamendo.com/track/s1473/1473631/covers/1.200.jpg',212,290,486442,'',1473631,'2017-08-24 09:01:40','2017-08-24 09:47:48'),('Lars_Phontaine','','https://mp3l.jamendo.com/?trackid=1473635&format=mp31&from=app-4e3f05b4','Lars Phontaine - To Be Honest (1)',0,'','http://www.jamendo.com/track/1473635','Lars Phontaine','2017-08-23 00:00:00','http://jamen.do/t/1473635','https://mp3d.jamendo.com/download/track/1473635/mp32/','http://creativecommons.org/licenses/by/3.0/','https://imgjam1.jamendo.com/track/s1473/1473635/covers/1.200.jpg',320,1,502632,'',1473635,'2017-08-24 09:01:40','2017-08-24 09:47:48'),('Johnny_Poetic_Ever','','https://mp3l.jamendo.com/?trackid=1473636&format=mp31&from=app-4e3f05b4','Love Is The Greatest',0,'','http://www.jamendo.com/track/1473636','Johnny Poetic Ever','2017-08-23 00:00:00','http://jamen.do/t/1473636','https://mp3d.jamendo.com/download/track/1473636/mp32/','http://creativecommons.org/licenses/by/3.0/','https://imgjam2.jamendo.com/track/s1473/1473636/covers/1.200.jpg',231,97,500205,'',1473636,'2017-08-24 09:01:40','2017-08-24 09:47:48'),('Michal_Jalochowski','','https://mp3l.jamendo.com/?trackid=1473637&format=mp31&from=app-4e3f05b4','RONDO IN C MAJOR NO.2 / Vintage Erard - New',170614,'https://imgjam1.jamendo.com/albums/s170/170614/covers/1.200.jpg','http://www.jamendo.com/track/1473637','Michał Jałochowski','2017-08-24 00:00:00','http://jamen.do/t/1473637','https://mp3d.jamendo.com/download/track/1473637/mp32/','http://creativecommons.org/licenses/by-nc-sa/3.0/','https://imgjam1.jamendo.com/albums/s170/170614/covers/1.200.jpg',578,1,441157,'RONDO IN C MAJOR / Erard',1473637,'2017-08-24 09:01:40','2017-08-24 09:47:48'),('Michal_Jalochowski','','https://mp3l.jamendo.com/?trackid=1473638&format=mp31&from=app-4e3f05b4','RONDO IN C MAJOR NO.2 - Brilliant / Steinway - New',170612,'https://imgjam2.jamendo.com/albums/s170/170612/covers/1.200.jpg','http://www.jamendo.com/track/1473638','Michał Jałochowski','2017-08-24 00:00:00','http://jamen.do/t/1473638','https://mp3d.jamendo.com/download/track/1473638/mp32/','http://creativecommons.org/licenses/by-nc-sa/3.0/','https://imgjam2.jamendo.com/albums/s170/170612/covers/1.200.jpg',575,1,441157,'RONDO IN C MAJOR / Steinway',1473638,'2017-08-24 09:01:40','2017-08-24 09:47:48'),('Michal_Jalochowski','','https://mp3l.jamendo.com/?trackid=1473639&format=mp31&from=app-4e3f05b4','RONDO IN C MAJOR NO.2 / Brilliant - Steinway II Ver.',170613,'https://imgjam1.jamendo.com/albums/s170/170613/covers/1.200.jpg','http://www.jamendo.com/track/1473639','Michał Jałochowski','2017-08-24 00:00:00','http://jamen.do/t/1473639','https://mp3d.jamendo.com/download/track/1473639/mp32/','http://creativecommons.org/licenses/by-nc-sa/3.0/','https://imgjam1.jamendo.com/albums/s170/170613/covers/1.200.jpg',575,1,441157,'RONDO IN C MAJOR / Steinway II',1473639,'2017-08-24 09:01:40','2017-08-24 09:47:48'),('Simplies','','https://mp3l.jamendo.com/?trackid=1473640&format=mp31&from=app-4e3f05b4','Simplies - YoU',170602,'https://imgjam1.jamendo.com/albums/s170/170602/covers/1.200.jpg','http://www.jamendo.com/track/1473640','Simplies','2017-08-23 00:00:00','http://jamen.do/t/1473640','https://mp3d.jamendo.com/download/track/1473640/mp32/','http://creativecommons.org/licenses/by-nc-sa/3.0/','https://imgjam1.jamendo.com/albums/s170/170602/covers/1.200.jpg',230,4,352587,'P U S H H',1473640,'2017-08-24 09:01:40','2017-08-24 09:47:48'),('Simplies','','https://mp3l.jamendo.com/?trackid=1473641&format=mp31&from=app-4e3f05b4','Simplies - Ahead The Good Points',170602,'https://imgjam1.jamendo.com/albums/s170/170602/covers/1.200.jpg','http://www.jamendo.com/track/1473641','Simplies','2017-08-23 00:00:00','http://jamen.do/t/1473641','https://mp3d.jamendo.com/download/track/1473641/mp32/','http://creativecommons.org/licenses/by-nc-sa/3.0/','https://imgjam1.jamendo.com/albums/s170/170602/covers/1.200.jpg',293,3,352587,'P U S H H',1473641,'2017-08-24 09:01:40','2017-08-24 09:47:48'),('Hr_Panama','','https://mp3l.jamendo.com/?trackid=1473642&format=mp31&from=app-4e3f05b4','ELLE EST PARTOUT',0,'','http://www.jamendo.com/track/1473642','Hr Panama','2017-08-23 00:00:00','http://jamen.do/t/1473642','https://mp3d.jamendo.com/download/track/1473642/mp32/','http://creativecommons.org/licenses/by-nd/3.0/','https://imgjam1.jamendo.com/track/s1473/1473642/covers/1.200.jpg',269,1,502638,'',1473642,'2017-08-24 09:01:40','2017-08-24 09:47:48'),('DCDProd','','https://mp3l.jamendo.com/?trackid=1473643&format=mp31&from=app-4e3f05b4','Malbec',0,'','http://www.jamendo.com/track/1473643','DCDProd','2017-08-23 00:00:00','http://jamen.do/t/1473643','https://mp3d.jamendo.com/download/track/1473643/mp32/','http://creativecommons.org/licenses/by-nc-sa/3.0/','https://imgjam1.jamendo.com/track/s1473/1473643/covers/1.200.jpg',241,283,473553,'',1473643,'2017-08-24 09:01:40','2017-08-24 09:47:48'),('DCDProd','','https://mp3l.jamendo.com/?trackid=1473644&format=mp31&from=app-4e3f05b4','Loft',0,'','http://www.jamendo.com/track/1473644','DCDProd','2017-08-23 00:00:00','http://jamen.do/t/1473644','https://mp3d.jamendo.com/download/track/1473644/mp32/','http://creativecommons.org/licenses/by-nc-sa/3.0/','https://imgjam2.jamendo.com/track/s1473/1473644/covers/1.200.jpg',234,284,473553,'',1473644,'2017-08-24 09:01:40','2017-08-24 09:47:48'),('DCDProd','','https://mp3l.jamendo.com/?trackid=1473645&format=mp31&from=app-4e3f05b4','Dreams about strange banks',0,'','http://www.jamendo.com/track/1473645','DCDProd','2017-08-23 00:00:00','http://jamen.do/t/1473645','https://mp3d.jamendo.com/download/track/1473645/mp32/','http://creativecommons.org/licenses/by-nc-sa/3.0/','https://imgjam1.jamendo.com/track/s1473/1473645/covers/1.200.jpg',189,285,473553,'',1473645,'2017-08-24 09:01:40','2017-08-24 09:47:48'),('DCDProd','','https://mp3l.jamendo.com/?trackid=1473646&format=mp31&from=app-4e3f05b4','atom',0,'','http://www.jamendo.com/track/1473646','DCDProd','2017-08-23 00:00:00','http://jamen.do/t/1473646','https://mp3d.jamendo.com/download/track/1473646/mp32/','http://creativecommons.org/licenses/by-nc-sa/3.0/','https://imgjam1.jamendo.com/track/s1473/1473646/covers/1.200.jpg',186,286,473553,'',1473646,'2017-08-24 09:01:40','2017-08-24 09:47:48'),('DCDProd','','https://mp3l.jamendo.com/?trackid=1473647&format=mp31&from=app-4e3f05b4','Exit',0,'','http://www.jamendo.com/track/1473647','DCDProd','2017-08-23 00:00:00','http://jamen.do/t/1473647','https://mp3d.jamendo.com/download/track/1473647/mp32/','http://creativecommons.org/licenses/by-nc-sa/3.0/','https://imgjam2.jamendo.com/track/s1473/1473647/covers/1.200.jpg',170,287,473553,'',1473647,'2017-08-24 09:01:40','2017-08-24 09:47:48'),('Pele-Mele_Guitares','','https://mp3l.jamendo.com/?trackid=1473648&format=mp31&from=app-4e3f05b4','01-Asturias',0,'','http://www.jamendo.com/track/1473648','Pele Mele Guitares','2017-08-23 00:00:00','http://jamen.do/t/1473648','https://mp3d.jamendo.com/download/track/1473648/mp32/','http://creativecommons.org/licenses/by-nd/3.0/','https://imgjam2.jamendo.com/track/s1473/1473648/covers/1.200.jpg',378,3,502577,'',1473648,'2017-08-24 09:01:40','2017-08-24 09:47:48'),('Pele-Mele_Guitares','','https://mp3l.jamendo.com/?trackid=1473649&format=mp31&from=app-4e3f05b4','03-Janeiro',0,'','http://www.jamendo.com/track/1473649','Pele Mele Guitares','2017-08-23 00:00:00','http://jamen.do/t/1473649','https://mp3d.jamendo.com/download/track/1473649/mp32/','http://creativecommons.org/licenses/by-nd/3.0/','https://imgjam2.jamendo.com/track/s1473/1473649/covers/1.200.jpg',218,4,502577,'',1473649,'2017-08-24 09:01:40','2017-08-24 09:47:48'),('Pele-Mele_Guitares','','https://mp3l.jamendo.com/?trackid=1473650&format=mp31&from=app-4e3f05b4','04-Isn\'t she love me',0,'','http://www.jamendo.com/track/1473650','Pele Mele Guitares','2017-08-23 00:00:00','http://jamen.do/t/1473650','https://mp3d.jamendo.com/download/track/1473650/mp32/','http://creativecommons.org/licenses/by-nd/3.0/','https://imgjam2.jamendo.com/track/s1473/1473650/covers/1.200.jpg',277,5,502577,'',1473650,'2017-08-24 09:01:40','2017-08-24 09:47:48'),('Pele-Mele_Guitares','','https://mp3l.jamendo.com/?trackid=1473651&format=mp31&from=app-4e3f05b4','05-Manana de carnaval',0,'','http://www.jamendo.com/track/1473651','Pele Mele Guitares','2017-08-23 00:00:00','http://jamen.do/t/1473651','https://mp3d.jamendo.com/download/track/1473651/mp32/','http://creativecommons.org/licenses/by-nd/3.0/','https://imgjam2.jamendo.com/track/s1473/1473651/covers/1.200.jpg',275,6,502577,'',1473651,'2017-08-24 09:01:40','2017-08-24 09:47:48'),('Pele-Mele_Guitares','','https://mp3l.jamendo.com/?trackid=1473652&format=mp31&from=app-4e3f05b4','06-Les chevaux rebelles',0,'','http://www.jamendo.com/track/1473652','Pele Mele Guitares','2017-08-23 00:00:00','http://jamen.do/t/1473652','https://mp3d.jamendo.com/download/track/1473652/mp32/','http://creativecommons.org/licenses/by-nd/3.0/','https://imgjam1.jamendo.com/track/s1473/1473652/covers/1.200.jpg',174,7,502577,'',1473652,'2017-08-24 09:01:40','2017-08-24 09:47:48'),('Pele-Mele_Guitares','','https://mp3l.jamendo.com/?trackid=1473653&format=mp31&from=app-4e3f05b4','07-St Agnes and the burning train',0,'','http://www.jamendo.com/track/1473653','Pele Mele Guitares','2017-08-23 00:00:00','http://jamen.do/t/1473653','https://mp3d.jamendo.com/download/track/1473653/mp32/','http://creativecommons.org/licenses/by-nd/3.0/','https://imgjam1.jamendo.com/track/s1473/1473653/covers/1.200.jpg',180,8,502577,'',1473653,'2017-08-24 09:01:40','2017-08-24 09:47:48'),('Pele-Mele_Guitares','','https://mp3l.jamendo.com/?trackid=1473654&format=mp31&from=app-4e3f05b4','09-Time after time',0,'','http://www.jamendo.com/track/1473654','Pele Mele Guitares','2017-08-23 00:00:00','http://jamen.do/t/1473654','https://mp3d.jamendo.com/download/track/1473654/mp32/','http://creativecommons.org/licenses/by-nd/3.0/','https://imgjam1.jamendo.com/track/s1473/1473654/covers/1.200.jpg',210,9,502577,'',1473654,'2017-08-24 09:01:40','2017-08-24 09:47:48'),('Pele-Mele_Guitares','','https://mp3l.jamendo.com/?trackid=1473656&format=mp31&from=app-4e3f05b4','10-Né quelque part',0,'','http://www.jamendo.com/track/1473656','Pele Mele Guitares','2017-08-23 00:00:00','http://jamen.do/t/1473656','https://mp3d.jamendo.com/download/track/1473656/mp32/','http://creativecommons.org/licenses/by-nd/3.0/','https://imgjam1.jamendo.com/track/s1473/1473656/covers/1.200.jpg',249,10,502577,'',1473656,'2017-08-24 09:01:40','2017-08-24 09:47:48'),('Pele-Mele_Guitares','','https://mp3l.jamendo.com/?trackid=1473657&format=mp31&from=app-4e3f05b4','11-Portrait de fille',0,'','http://www.jamendo.com/track/1473657','Pele Mele Guitares','2017-08-23 00:00:00','http://jamen.do/t/1473657','https://mp3d.jamendo.com/download/track/1473657/mp32/','http://creativecommons.org/licenses/by-nd/3.0/','https://imgjam2.jamendo.com/track/s1473/1473657/covers/1.200.jpg',148,11,502577,'',1473657,'2017-08-24 09:01:40','2017-08-24 09:47:48'),('Pele-Mele_Guitares','','https://mp3l.jamendo.com/?trackid=1473658&format=mp31&from=app-4e3f05b4','12-Le reste du temps',0,'','http://www.jamendo.com/track/1473658','Pele Mele Guitares','2017-08-23 00:00:00','http://jamen.do/t/1473658','https://mp3d.jamendo.com/download/track/1473658/mp32/','http://creativecommons.org/licenses/by-nd/3.0/','https://imgjam2.jamendo.com/track/s1473/1473658/covers/1.200.jpg',203,12,502577,'',1473658,'2017-08-24 09:01:40','2017-08-24 09:47:48'),('Pele-Mele_Guitares','','https://mp3l.jamendo.com/?trackid=1473659&format=mp31&from=app-4e3f05b4','13-Les jours meilleurs',0,'','http://www.jamendo.com/track/1473659','Pele Mele Guitares','2017-08-23 00:00:00','http://jamen.do/t/1473659','https://mp3d.jamendo.com/download/track/1473659/mp32/','http://creativecommons.org/licenses/by-nd/3.0/','https://imgjam2.jamendo.com/track/s1473/1473659/covers/1.200.jpg',308,13,502577,'',1473659,'2017-08-24 09:01:40','2017-08-24 09:47:48'),('Pele-Mele_Guitares','','https://mp3l.jamendo.com/?trackid=1473660&format=mp31&from=app-4e3f05b4','14-Private Investigation',0,'','http://www.jamendo.com/track/1473660','Pele Mele Guitares','2017-08-23 00:00:00','http://jamen.do/t/1473660','https://mp3d.jamendo.com/download/track/1473660/mp32/','http://creativecommons.org/licenses/by-nd/3.0/','https://imgjam2.jamendo.com/track/s1473/1473660/covers/1.200.jpg',371,14,502577,'',1473660,'2017-08-24 09:01:40','2017-08-24 09:47:48'),('Pele-Mele_Guitares','','https://mp3l.jamendo.com/?trackid=1473661&format=mp31&from=app-4e3f05b4','08-L\'homme au bouquet de fleurs',0,'','http://www.jamendo.com/track/1473661','Pele Mele Guitares','2017-08-23 00:00:00','http://jamen.do/t/1473661','https://mp3d.jamendo.com/download/track/1473661/mp32/','http://creativecommons.org/licenses/by-nd/3.0/','https://imgjam1.jamendo.com/track/s1473/1473661/covers/1.200.jpg',214,15,502577,'',1473661,'2017-08-24 09:01:40','2017-08-24 09:47:48'),('Simplies','','https://mp3l.jamendo.com/?trackid=1473663&format=mp31&from=app-4e3f05b4','Simplies - Thank You',170602,'https://imgjam2.jamendo.com/albums/s170/170602/covers/1.200.jpg','http://www.jamendo.com/track/1473663','Simplies','2017-08-23 00:00:00','http://jamen.do/t/1473663','https://mp3d.jamendo.com/download/track/1473663/mp32/','http://creativecommons.org/licenses/by-nc-sa/3.0/','https://imgjam2.jamendo.com/albums/s170/170602/covers/1.200.jpg',283,2,352587,'P U S H H',1473663,'2017-08-24 09:01:40','2017-08-24 09:47:48'),('Simplies','','https://mp3l.jamendo.com/?trackid=1473666&format=mp31&from=app-4e3f05b4','Simplies - Loyalty',170602,'https://imgjam2.jamendo.com/albums/s170/170602/covers/1.200.jpg','http://www.jamendo.com/track/1473666','Simplies','2017-08-23 00:00:00','http://jamen.do/t/1473666','https://mp3d.jamendo.com/download/track/1473666/mp32/','http://creativecommons.org/licenses/by-nc-sa/3.0/','https://imgjam2.jamendo.com/albums/s170/170602/covers/1.200.jpg',341,1,352587,'P U S H H',1473666,'2017-08-24 09:01:40','2017-08-24 09:47:48'),('Ben_Rudert_(2)','','https://mp3l.jamendo.com/?trackid=1473667&format=mp31&from=app-4e3f05b4','Deep in the ocean, Out of the blue',0,'','http://www.jamendo.com/track/1473667','Ben Rudert','2017-08-23 00:00:00','http://jamen.do/t/1473667','https://mp3d.jamendo.com/download/track/1473667/mp32/','http://creativecommons.org/licenses/by/3.0/','https://imgjam1.jamendo.com/track/s1473/1473667/covers/1.200.jpg',237,4,502579,'',1473667,'2017-08-24 09:01:40','2017-08-24 09:47:48'),('Zorath','','https://mp3l.jamendo.com/?trackid=1473668&format=mp31&from=app-4e3f05b4','7/8 Game',0,'','http://www.jamendo.com/track/1473668','Zero','2017-08-23 00:00:00','http://jamen.do/t/1473668','https://mp3d.jamendo.com/download/track/1473668/mp32/','http://creativecommons.org/licenses/by-nc-sa/3.0/','https://imgjam1.jamendo.com/track/s1473/1473668/covers/1.200.jpg',128,4,379242,'',1473668,'2017-08-24 09:01:40','2017-08-24 09:47:48'),('FROM_DARKNESS_TO_EMPTINESS','','https://mp3l.jamendo.com/?trackid=1473669&format=mp31&from=app-4e3f05b4','FDTE-The_Timeless_Dark-04-Dont_Spoil_The_Memory',0,'','http://www.jamendo.com/track/1473669','FROM DARKNESS TO EMPTINESS','2017-08-23 00:00:00','http://jamen.do/t/1473669','https://mp3d.jamendo.com/download/track/1473669/mp32/','http://creativecommons.org/licenses/by-nc-nd/3.0/','https://imgjam1.jamendo.com/track/s1473/1473669/covers/1.200.jpg',153,57,498312,'',1473669,'2017-08-24 09:01:40','2017-08-24 09:47:48'),('FROM_DARKNESS_TO_EMPTINESS','','https://mp3l.jamendo.com/?trackid=1473670&format=mp31&from=app-4e3f05b4','FDTE-The_Timeless_Dark-32-Drenched_Suitcase',0,'','http://www.jamendo.com/track/1473670','FROM DARKNESS TO EMPTINESS','2017-08-23 00:00:00','http://jamen.do/t/1473670','https://mp3d.jamendo.com/download/track/1473670/mp32/','http://creativecommons.org/licenses/by-nc-nd/3.0/','https://imgjam2.jamendo.com/track/s1473/1473670/covers/1.200.jpg',116,58,498312,'',1473670,'2017-08-24 09:01:40','2017-08-24 09:47:48'),('BeatHowWin','','https://mp3l.jamendo.com/?trackid=1473672&format=mp31&from=app-4e3f05b4','andare',0,'','http://www.jamendo.com/track/1473672','BeatHowWin','2017-08-23 00:00:00','http://jamen.do/t/1473672','https://mp3d.jamendo.com/download/track/1473672/mp32/','http://creativecommons.org/licenses/by-nc-nd/3.0/','https://imgjam1.jamendo.com/track/s1473/1473672/covers/1.200.jpg',146,5,502442,'',1473672,'2017-08-24 09:01:40','2017-08-24 09:47:48'),('AMPLI_CRASH','','https://mp3l.jamendo.com/?trackid=1473674&format=mp31&from=app-4e3f05b4','I AM THE DANGER',0,'','http://www.jamendo.com/track/1473674','AMPLI CRASH','2017-08-23 00:00:00','http://jamen.do/t/1473674','https://mp3d.jamendo.com/download/track/1473674/mp32/','http://creativecommons.org/licenses/by-sa/3.0/','https://imgjam1.jamendo.com/track/s1473/1473674/covers/1.200.jpg',264,3,502378,'',1473674,'2017-08-24 09:01:40','2017-08-24 09:47:48'),('Ocean_Shiver','','https://mp3l.jamendo.com/?trackid=1473675&format=mp31&from=app-4e3f05b4','Silk',170604,'https://imgjam2.jamendo.com/albums/s170/170604/covers/1.200.jpg','http://www.jamendo.com/track/1473675','Ocean Shiver','2017-08-23 00:00:00','http://jamen.do/t/1473675','https://mp3d.jamendo.com/download/track/1473675/mp32/','http://creativecommons.org/licenses/by-nc-nd/3.0/','https://imgjam2.jamendo.com/albums/s170/170604/covers/1.200.jpg',292,1,345799,'Silk',1473675,'2017-08-24 09:01:40','2017-08-24 09:47:48'),('Kevin_Dietrich','','https://mp3l.jamendo.com/?trackid=1473676&format=mp31&from=app-4e3f05b4','Depend on You (comp. by Ayumi Hamasaki)',0,'','http://www.jamendo.com/track/1473676','Kevin Dietrich','2017-08-23 00:00:00','http://jamen.do/t/1473676','https://mp3d.jamendo.com/download/track/1473676/mp32/','http://creativecommons.org/licenses/by-nc-nd/3.0/','https://imgjam1.jamendo.com/track/s1473/1473676/covers/1.200.jpg',253,6,434306,'',1473676,'2017-08-24 09:01:40','2017-08-24 09:47:48'),('LELE_RAMBELLI','','https://mp3l.jamendo.com/?trackid=1473677&format=mp31&from=app-4e3f05b4','Gimme a Kiss!',0,'','http://www.jamendo.com/track/1473677','LELE RAMBELLI','2017-08-23 00:00:00','http://jamen.do/t/1473677','https://mp3d.jamendo.com/download/track/1473677/mp32/','http://creativecommons.org/licenses/by-nc-nd/3.0/','https://imgjam1.jamendo.com/track/s1473/1473677/covers/1.200.jpg',171,178,358962,'',1473677,'2017-08-24 09:01:40','2017-08-24 09:47:48'),('Every_Day','','https://mp3l.jamendo.com/?trackid=1473678&format=mp31&from=app-4e3f05b4','Reality',0,'','http://www.jamendo.com/track/1473678','Every Day','2017-08-23 00:00:00','http://jamen.do/t/1473678','https://mp3d.jamendo.com/download/track/1473678/mp32/','http://creativecommons.org/licenses/by-nc-nd/3.0/','https://imgjam1.jamendo.com/track/s1473/1473678/covers/1.200.jpg',296,12,337260,'',1473678,'2017-08-24 09:01:40','2017-08-24 09:47:48'),('Orte_Pigi','','https://mp3l.jamendo.com/?trackid=1473693&format=mp31&from=app-4e3f05b4','Ambient 02: The Hope',0,'','http://www.jamendo.com/track/1473693','Orte Pigi','2017-08-23 00:00:00','http://jamen.do/t/1473693','https://mp3d.jamendo.com/download/track/1473693/mp32/','http://creativecommons.org/licenses/by-nc-sa/3.0/','https://imgjam2.jamendo.com/track/s1473/1473693/covers/1.200.jpg',155,3,498516,'',1473693,'2017-08-24 09:01:40','2017-08-24 09:47:48'),('Amoebacrew','','https://mp3l.jamendo.com/?trackid=1473703&format=mp31&from=app-4e3f05b4','Tremble',0,'','http://www.jamendo.com/track/1473703','Amoebacrew','2017-08-23 00:00:00','http://jamen.do/t/1473703','https://mp3d.jamendo.com/download/track/1473703/mp32/','http://creativecommons.org/licenses/by-nc/3.0/','https://imgjam2.jamendo.com/track/s1473/1473703/covers/1.200.jpg',137,21,498429,'',1473703,'2017-08-24 09:01:40','2017-08-24 09:47:48'),('Solar_Dust_Music','','https://mp3l.jamendo.com/?trackid=1473704&format=mp31&from=app-4e3f05b4','Let the Sun Shine in',0,'','http://www.jamendo.com/track/1473704','Solar Dust Studio','2017-08-23 00:00:00','http://jamen.do/t/1473704','https://mp3d.jamendo.com/download/track/1473704/mp32/','http://creativecommons.org/licenses/by-nc-nd/3.0/','https://imgjam2.jamendo.com/track/s1473/1473704/covers/1.200.jpg',140,19,493115,'',1473704,'2017-08-24 09:01:40','2017-08-24 09:47:48'),('Degrees','','https://mp3l.jamendo.com/?trackid=1473711&format=mp31&from=app-4e3f05b4','In Your Face',159260,'https://imgjam1.jamendo.com/albums/s159/159260/covers/1.200.jpg','http://www.jamendo.com/track/1473711','Degrees','2017-08-23 00:00:00','http://jamen.do/t/1473711','https://mp3d.jamendo.com/download/track/1473711/mp32/','http://creativecommons.org/licenses/by-nc-sa/3.0/','https://imgjam1.jamendo.com/albums/s159/159260/covers/1.200.jpg',192,4,359573,'Demo Pt.II',1473711,'2017-08-24 09:01:40','2017-08-24 09:47:48'),('Degrees','','https://mp3l.jamendo.com/?trackid=1473712&format=mp31&from=app-4e3f05b4','I Was The Boy To Guide Yo',159260,'https://imgjam2.jamendo.com/albums/s159/159260/covers/1.200.jpg','http://www.jamendo.com/track/1473712','Degrees','2017-08-23 00:00:00','http://jamen.do/t/1473712','https://mp3d.jamendo.com/download/track/1473712/mp32/','http://creativecommons.org/licenses/by-nc-sa/3.0/','https://imgjam2.jamendo.com/albums/s159/159260/covers/1.200.jpg',202,3,359573,'Demo Pt.II',1473712,'2017-08-24 09:01:40','2017-08-24 09:47:48'),('Degrees','','https://mp3l.jamendo.com/?trackid=1473713&format=mp31&from=app-4e3f05b4','Move On',159260,'https://imgjam2.jamendo.com/albums/s159/159260/covers/1.200.jpg','http://www.jamendo.com/track/1473713','Degrees','2017-08-23 00:00:00','http://jamen.do/t/1473713','https://mp3d.jamendo.com/download/track/1473713/mp32/','http://creativecommons.org/licenses/by-nc-sa/3.0/','https://imgjam2.jamendo.com/albums/s159/159260/covers/1.200.jpg',279,2,359573,'Demo Pt.II',1473713,'2017-08-24 09:01:40','2017-08-24 09:47:48'),('Degrees','','https://mp3l.jamendo.com/?trackid=1473714&format=mp31&from=app-4e3f05b4','Concious, Vicious',159260,'https://imgjam1.jamendo.com/albums/s159/159260/covers/1.200.jpg','http://www.jamendo.com/track/1473714','Degrees','2017-08-23 00:00:00','http://jamen.do/t/1473714','https://mp3d.jamendo.com/download/track/1473714/mp32/','http://creativecommons.org/licenses/by-nc-sa/3.0/','https://imgjam1.jamendo.com/albums/s159/159260/covers/1.200.jpg',305,6,359573,'Demo Pt.II',1473714,'2017-08-24 09:01:40','2017-08-24 09:47:48'),('Degrees','','https://mp3l.jamendo.com/?trackid=1473715&format=mp31&from=app-4e3f05b4','Electricity - Don\'t Lose Me',159260,'https://imgjam1.jamendo.com/albums/s159/159260/covers/1.200.jpg','http://www.jamendo.com/track/1473715','Degrees','2017-08-23 00:00:00','http://jamen.do/t/1473715','https://mp3d.jamendo.com/download/track/1473715/mp32/','http://creativecommons.org/licenses/by-nc-sa/3.0/','https://imgjam1.jamendo.com/albums/s159/159260/covers/1.200.jpg',238,5,359573,'Demo Pt.II',1473715,'2017-08-24 09:01:40','2017-08-24 09:47:48'),('Degrees','','https://mp3l.jamendo.com/?trackid=1473716&format=mp31&from=app-4e3f05b4','Act Strong &amp; Bring It On!',159260,'https://imgjam1.jamendo.com/albums/s159/159260/covers/1.200.jpg','http://www.jamendo.com/track/1473716','Degrees','2017-08-23 00:00:00','http://jamen.do/t/1473716','https://mp3d.jamendo.com/download/track/1473716/mp32/','http://creativecommons.org/licenses/by-nc-sa/3.0/','https://imgjam1.jamendo.com/albums/s159/159260/covers/1.200.jpg',270,7,359573,'Demo Pt.II',1473716,'2017-08-24 09:01:40','2017-08-24 09:47:48'),('Degrees','','https://mp3l.jamendo.com/?trackid=1473717&format=mp31&from=app-4e3f05b4','21 I Thought I Was Someone',159260,'https://imgjam2.jamendo.com/albums/s159/159260/covers/1.200.jpg','http://www.jamendo.com/track/1473717','Degrees','2017-08-23 00:00:00','http://jamen.do/t/1473717','https://mp3d.jamendo.com/download/track/1473717/mp32/','http://creativecommons.org/licenses/by-nc-sa/3.0/','https://imgjam2.jamendo.com/albums/s159/159260/covers/1.200.jpg',254,8,359573,'Demo Pt.II',1473717,'2017-08-24 09:01:40','2017-08-24 09:47:48'),('Degrees','','https://mp3l.jamendo.com/?trackid=1473718&format=mp31&from=app-4e3f05b4','Konnichiwa Jiendo',159260,'https://imgjam2.jamendo.com/albums/s159/159260/covers/1.200.jpg','http://www.jamendo.com/track/1473718','Degrees','2017-08-23 00:00:00','http://jamen.do/t/1473718','https://mp3d.jamendo.com/download/track/1473718/mp32/','http://creativecommons.org/licenses/by-nc-sa/3.0/','https://imgjam2.jamendo.com/albums/s159/159260/covers/1.200.jpg',376,9,359573,'Demo Pt.II',1473718,'2017-08-24 09:01:40','2017-08-24 09:47:48'),('Degrees','','https://mp3l.jamendo.com/?trackid=1473719&format=mp31&from=app-4e3f05b4','The Heat',159260,'https://imgjam2.jamendo.com/albums/s159/159260/covers/1.200.jpg','http://www.jamendo.com/track/1473719','Degrees','2017-08-23 00:00:00','http://jamen.do/t/1473719','https://mp3d.jamendo.com/download/track/1473719/mp32/','http://creativecommons.org/licenses/by-nc-sa/3.0/','https://imgjam2.jamendo.com/albums/s159/159260/covers/1.200.jpg',254,1,359573,'Demo Pt.II',1473719,'2017-08-24 09:01:40','2017-08-24 09:47:48'),('Luikrol','','https://mp3l.jamendo.com/?trackid=1473720&format=mp31&from=app-4e3f05b4','Mallet',0,'','http://www.jamendo.com/track/1473720','Luikrol','2017-08-23 00:00:00','http://jamen.do/t/1473720','https://mp3d.jamendo.com/download/track/1473720/mp32/','http://creativecommons.org/licenses/by-nd/3.0/','https://imgjam2.jamendo.com/track/s1473/1473720/covers/1.200.jpg',141,17,502016,'',1473720,'2017-08-24 09:01:40','2017-08-24 09:47:48'),('_(1106)','','https://mp3l.jamendo.com/?trackid=1473741&format=mp31&from=app-4e3f05b4','Сергей Восьмой - За добро',0,'','http://www.jamendo.com/track/1473741','Сергей Восьмой','2017-08-23 00:00:00','http://jamen.do/t/1473741','https://mp3d.jamendo.com/download/track/1473741/mp32/','http://creativecommons.org/licenses/by/3.0/','https://imgjam1.jamendo.com/track/s1473/1473741/covers/1.200.jpg',174,1,499236,'',1473741,'2017-08-24 09:01:40','2017-08-24 09:47:48'),('_(1106)','','https://mp3l.jamendo.com/?trackid=1473742&format=mp31&from=app-4e3f05b4','Сергей Восьмой - Скажи мне брат',0,'','http://www.jamendo.com/track/1473742','Сергей Восьмой','2017-08-23 00:00:00','http://jamen.do/t/1473742','https://mp3d.jamendo.com/download/track/1473742/mp32/','http://creativecommons.org/licenses/by/3.0/','https://imgjam1.jamendo.com/track/s1473/1473742/covers/1.200.jpg',162,2,499236,'',1473742,'2017-08-24 09:01:40','2017-08-24 09:47:48'),('Dany-C','','https://mp3l.jamendo.com/?trackid=1473743&format=mp31&from=app-4e3f05b4','23/8',0,'','http://www.jamendo.com/track/1473743','Dany-C','2017-08-23 00:00:00','http://jamen.do/t/1473743','https://mp3d.jamendo.com/download/track/1473743/mp32/','http://creativecommons.org/licenses/by-nc-sa/3.0/','https://imgjam2.jamendo.com/track/s1473/1473743/covers/1.200.jpg',97,17,498154,'',1473743,'2017-08-24 09:01:40','2017-08-24 09:47:48'),('_(1106)','','https://mp3l.jamendo.com/?trackid=1473744&format=mp31&from=app-4e3f05b4','Сергей Восьмой - Остров',0,'','http://www.jamendo.com/track/1473744','Сергей Восьмой','2017-08-23 00:00:00','http://jamen.do/t/1473744','https://mp3d.jamendo.com/download/track/1473744/mp32/','http://creativecommons.org/licenses/by/3.0/','https://imgjam2.jamendo.com/track/s1473/1473744/covers/1.200.jpg',150,3,499236,'',1473744,'2017-08-24 09:01:40','2017-08-24 09:47:48'),('Lukal','','https://mp3l.jamendo.com/?trackid=1473746&format=mp31&from=app-4e3f05b4','Life',0,'','http://www.jamendo.com/track/1473746','Lukal','2017-08-23 00:00:00','http://jamen.do/t/1473746','https://mp3d.jamendo.com/download/track/1473746/mp32/','http://creativecommons.org/licenses/by-nc/3.0/','https://imgjam1.jamendo.com/track/s1473/1473746/covers/1.200.jpg',95,80,461578,'',1473746,'2017-08-24 09:01:40','2017-08-24 09:47:48'),('Cybi','','https://mp3l.jamendo.com/?trackid=1473747&format=mp31&from=app-4e3f05b4','CandyMAN',0,'','http://www.jamendo.com/track/1473747','Cybi','2017-08-23 00:00:00','http://jamen.do/t/1473747','https://mp3d.jamendo.com/download/track/1473747/mp32/','http://creativecommons.org/licenses/by-sa/3.0/','https://imgjam1.jamendo.com/track/s1473/1473747/covers/1.200.jpg',269,1,502654,'',1473747,'2017-08-24 09:01:40','2017-08-24 09:47:48'),('Tomorrow_Sounds','','https://mp3l.jamendo.com/?trackid=1473793&format=mp31&from=app-4e3f05b4','Gloria',0,'','http://www.jamendo.com/track/1473793','Tomorrow Sounds','2017-08-23 00:00:00','http://jamen.do/t/1473793','https://mp3d.jamendo.com/download/track/1473793/mp32/','http://creativecommons.org/licenses/by-nc-sa/3.0/','https://imgjam1.jamendo.com/track/s1473/1473793/covers/1.200.jpg',168,52,495347,'',1473793,'2017-08-24 09:01:40','2017-08-24 09:47:48'),('Luikrol','','https://mp3l.jamendo.com/?trackid=1473795&format=mp31&from=app-4e3f05b4','Life in game',0,'','http://www.jamendo.com/track/1473795','Luikrol','2017-08-23 00:00:00','http://jamen.do/t/1473795','https://mp3d.jamendo.com/download/track/1473795/mp32/','http://creativecommons.org/licenses/by-nd/3.0/','https://imgjam1.jamendo.com/track/s1473/1473795/covers/1.200.jpg',120,18,502016,'',1473795,'2017-08-24 09:01:40','2017-08-24 09:47:48'),('DJ_German_P.','','https://mp3l.jamendo.com/?trackid=1473798&format=mp31&from=app-4e3f05b4','Dance',0,'','http://www.jamendo.com/track/1473798','DJ German P.','2017-08-23 00:00:00','http://jamen.do/t/1473798','https://mp3d.jamendo.com/download/track/1473798/mp32/','http://creativecommons.org/licenses/by-nd/3.0/','https://imgjam1.jamendo.com/track/s1473/1473798/covers/1.200.jpg',95,1,502655,'',1473798,'2017-08-24 09:01:40','2017-08-24 09:47:48'),('_(1112)','','https://mp3l.jamendo.com/?trackid=1473799&format=mp31&from=app-4e3f05b4','Indie Upbeat',0,'','http://www.jamendo.com/track/1473799','Алексей Жухевич','2017-08-23 00:00:00','http://jamen.do/t/1473799','https://mp3d.jamendo.com/download/track/1473799/mp32/','http://creativecommons.org/licenses/by-nc-sa/3.0/','https://imgjam2.jamendo.com/track/s1473/1473799/covers/1.200.jpg',107,66,499347,'',1473799,'2017-08-24 09:01:40','2017-08-24 09:47:48'),('Nestor_del_Rio','','https://mp3l.jamendo.com/?trackid=1473800&format=mp31&from=app-4e3f05b4','Mass Manipulation',0,'','http://www.jamendo.com/track/1473800','Nestor del Rio','2017-08-23 00:00:00','http://jamen.do/t/1473800','https://mp3d.jamendo.com/download/track/1473800/mp32/','http://creativecommons.org/licenses/by-sa/3.0/','https://imgjam2.jamendo.com/track/s1473/1473800/covers/1.200.jpg',284,47,500223,'',1473800,'2017-08-24 09:01:40','2017-08-24 09:47:48'),('Tomorrow_Sounds','','https://mp3l.jamendo.com/?trackid=1473801&format=mp31&from=app-4e3f05b4','MY Heart',0,'','http://www.jamendo.com/track/1473801','Tomorrow Sounds','2017-08-23 00:00:00','http://jamen.do/t/1473801','https://mp3d.jamendo.com/download/track/1473801/mp32/','http://creativecommons.org/licenses/by-nc-sa/3.0/','https://imgjam2.jamendo.com/track/s1473/1473801/covers/1.200.jpg',226,53,495347,'',1473801,'2017-08-24 09:01:40','2017-08-24 09:47:48'),('83Crutch_(2)','','https://mp3l.jamendo.com/?trackid=1473802&format=mp31&from=app-4e3f05b4','Action Modern Metal 3',0,'','http://www.jamendo.com/track/1473802','83Crutch','2017-08-23 00:00:00','http://jamen.do/t/1473802','https://mp3d.jamendo.com/download/track/1473802/mp32/','http://creativecommons.org/licenses/by-nc-sa/3.0/','https://imgjam1.jamendo.com/track/s1473/1473802/covers/1.200.jpg',49,36,501273,'',1473802,'2017-08-24 09:01:40','2017-08-24 09:47:48'),('crystalblue64','','https://mp3l.jamendo.com/?trackid=1473803&format=mp31&from=app-4e3f05b4','Emerald Earth (Live Demo)',0,'','http://www.jamendo.com/track/1473803','crystalblue64','2017-08-23 00:00:00','http://jamen.do/t/1473803','https://mp3d.jamendo.com/download/track/1473803/mp32/','http://creativecommons.org/licenses/by-nc-sa/3.0/','https://imgjam2.jamendo.com/track/s1473/1473803/covers/1.200.jpg',345,20,501773,'',1473803,'2017-08-24 09:01:40','2017-08-24 09:47:48'),('83Crutch_(2)','','https://mp3l.jamendo.com/?trackid=1473804&format=mp31&from=app-4e3f05b4','Another World',0,'','http://www.jamendo.com/track/1473804','83Crutch','2017-08-23 00:00:00','http://jamen.do/t/1473804','https://mp3d.jamendo.com/download/track/1473804/mp32/','http://creativecommons.org/licenses/by-nc-sa/3.0/','https://imgjam2.jamendo.com/track/s1473/1473804/covers/1.200.jpg',207,37,501273,'',1473804,'2017-08-24 09:01:40','2017-08-24 09:47:48'),('Christopher_Wood','','https://mp3l.jamendo.com/?trackid=1473806&format=mp31&from=app-4e3f05b4','The searching',0,'','http://www.jamendo.com/track/1473806','Christopher Wood','2017-08-23 00:00:00','http://jamen.do/t/1473806','https://mp3d.jamendo.com/download/track/1473806/mp32/','http://creativecommons.org/licenses/by-nc-nd/3.0/','https://imgjam2.jamendo.com/track/s1473/1473806/covers/1.200.jpg',249,16,494957,'',1473806,'2017-08-24 09:01:40','2017-08-24 09:47:48'),('83Crutch_(2)','','https://mp3l.jamendo.com/?trackid=1473810&format=mp31&from=app-4e3f05b4','Brutal Action Metal',0,'','http://www.jamendo.com/track/1473810','83Crutch','2017-08-23 00:00:00','http://jamen.do/t/1473810','https://mp3d.jamendo.com/download/track/1473810/mp32/','http://creativecommons.org/licenses/by-nc-sa/3.0/','https://imgjam1.jamendo.com/track/s1473/1473810/covers/1.200.jpg',115,38,501273,'',1473810,'2017-08-24 09:01:40','2017-08-24 09:47:48'),('83Crutch_(2)','','https://mp3l.jamendo.com/?trackid=1473811&format=mp31&from=app-4e3f05b4','Remorseful Dramatic Epic',0,'','http://www.jamendo.com/track/1473811','83Crutch','2017-08-23 00:00:00','http://jamen.do/t/1473811','https://mp3d.jamendo.com/download/track/1473811/mp32/','http://creativecommons.org/licenses/by-nc-sa/3.0/','https://imgjam2.jamendo.com/track/s1473/1473811/covers/1.200.jpg',160,39,501273,'',1473811,'2017-08-24 09:01:40','2017-08-24 09:47:48'),('83Crutch_(2)','','https://mp3l.jamendo.com/?trackid=1473812&format=mp31&from=app-4e3f05b4','Forceful Guitar Dubstep Ident',0,'','http://www.jamendo.com/track/1473812','83Crutch','2017-08-23 00:00:00','http://jamen.do/t/1473812','https://mp3d.jamendo.com/download/track/1473812/mp32/','http://creativecommons.org/licenses/by-nc-sa/3.0/','https://imgjam2.jamendo.com/track/s1473/1473812/covers/1.200.jpg',20,40,501273,'',1473812,'2017-08-24 09:01:40','2017-08-24 09:47:48'),('Tomorrow_Sounds','','https://mp3l.jamendo.com/?trackid=1473813&format=mp31&from=app-4e3f05b4','Spaceles',0,'','http://www.jamendo.com/track/1473813','Tomorrow Sounds','2017-08-23 00:00:00','http://jamen.do/t/1473813','https://mp3d.jamendo.com/download/track/1473813/mp32/','http://creativecommons.org/licenses/by-nc-sa/3.0/','https://imgjam2.jamendo.com/track/s1473/1473813/covers/1.200.jpg',204,54,495347,'',1473813,'2017-08-24 09:01:40','2017-08-24 09:47:48'),('SoLaRiS_(5)','','https://mp3l.jamendo.com/?trackid=1473829&format=mp31&from=app-4e3f05b4','Shall It Be So',170609,'https://imgjam1.jamendo.com/albums/s170/170609/covers/1.200.jpg','http://www.jamendo.com/track/1473829','SoLaRiS','2017-08-23 00:00:00','http://jamen.do/t/1473829','https://mp3d.jamendo.com/download/track/1473829/mp32/','http://creativecommons.org/licenses/by-nc-sa/3.0/','https://imgjam1.jamendo.com/albums/s170/170609/covers/1.200.jpg',237,4,337741,'Starsurfer',1473829,'2017-08-24 09:01:40','2017-08-24 09:47:48'),('SoLaRiS_(5)','','https://mp3l.jamendo.com/?trackid=1473830&format=mp31&from=app-4e3f05b4','Dream Trap',170609,'https://imgjam2.jamendo.com/albums/s170/170609/covers/1.200.jpg','http://www.jamendo.com/track/1473830','SoLaRiS','2017-08-23 00:00:00','http://jamen.do/t/1473830','https://mp3d.jamendo.com/download/track/1473830/mp32/','http://creativecommons.org/licenses/by-nc-sa/3.0/','https://imgjam2.jamendo.com/albums/s170/170609/covers/1.200.jpg',237,2,337741,'Starsurfer',1473830,'2017-08-24 09:01:40','2017-08-24 09:47:48'),('SoLaRiS_(5)','','https://mp3l.jamendo.com/?trackid=1473831&format=mp31&from=app-4e3f05b4','Starsurfer',170609,'https://imgjam2.jamendo.com/albums/s170/170609/covers/1.200.jpg','http://www.jamendo.com/track/1473831','SoLaRiS','2017-08-23 00:00:00','http://jamen.do/t/1473831','https://mp3d.jamendo.com/download/track/1473831/mp32/','http://creativecommons.org/licenses/by-nc-sa/3.0/','https://imgjam2.jamendo.com/albums/s170/170609/covers/1.200.jpg',124,3,337741,'Starsurfer',1473831,'2017-08-24 09:01:40','2017-08-24 09:47:48'),('Midnight_Media','','https://mp3l.jamendo.com/?trackid=1473848&format=mp31&from=app-4e3f05b4','A Half-Remembered Dream',170607,'https://imgjam1.jamendo.com/albums/s170/170607/covers/1.200.jpg','http://www.jamendo.com/track/1473848','Midnight Media','2017-08-23 00:00:00','http://jamen.do/t/1473848','https://mp3d.jamendo.com/download/track/1473848/mp32/','http://creativecommons.org/licenses/by-nc-sa/3.0/','https://imgjam1.jamendo.com/albums/s170/170607/covers/1.200.jpg',386,5,356416,'Ghosts In The Night',1473848,'2017-08-24 09:01:40','2017-08-24 09:47:48'),('Midnight_Media','','https://mp3l.jamendo.com/?trackid=1473849&format=mp31&from=app-4e3f05b4','The Last Hiding Place',170607,'https://imgjam1.jamendo.com/albums/s170/170607/covers/1.200.jpg','http://www.jamendo.com/track/1473849','Midnight Media','2017-08-23 00:00:00','http://jamen.do/t/1473849','https://mp3d.jamendo.com/download/track/1473849/mp32/','http://creativecommons.org/licenses/by-nc-sa/3.0/','https://imgjam1.jamendo.com/albums/s170/170607/covers/1.200.jpg',435,2,356416,'Ghosts In The Night',1473849,'2017-08-24 09:01:40','2017-08-24 09:47:48'),('Midnight_Media','','https://mp3l.jamendo.com/?trackid=1473850&format=mp31&from=app-4e3f05b4','A Wall Of Confusion',170607,'https://imgjam1.jamendo.com/albums/s170/170607/covers/1.200.jpg','http://www.jamendo.com/track/1473850','Midnight Media','2017-08-23 00:00:00','http://jamen.do/t/1473850','https://mp3d.jamendo.com/download/track/1473850/mp32/','http://creativecommons.org/licenses/by-nc-sa/3.0/','https://imgjam1.jamendo.com/albums/s170/170607/covers/1.200.jpg',301,1,356416,'Ghosts In The Night',1473850,'2017-08-24 09:01:40','2017-08-24 09:47:48'),('Midnight_Media','','https://mp3l.jamendo.com/?trackid=1473851&format=mp31&from=app-4e3f05b4','A Whisper Shared In Darkness',170607,'https://imgjam2.jamendo.com/albums/s170/170607/covers/1.200.jpg','http://www.jamendo.com/track/1473851','Midnight Media','2017-08-23 00:00:00','http://jamen.do/t/1473851','https://mp3d.jamendo.com/download/track/1473851/mp32/','http://creativecommons.org/licenses/by-nc-sa/3.0/','https://imgjam2.jamendo.com/albums/s170/170607/covers/1.200.jpg',572,7,356416,'Ghosts In The Night',1473851,'2017-08-24 09:01:40','2017-08-24 09:47:48'),('Midnight_Media','','https://mp3l.jamendo.com/?trackid=1473852&format=mp31&from=app-4e3f05b4','Voices Long Forgotten',170607,'https://imgjam2.jamendo.com/albums/s170/170607/covers/1.200.jpg','http://www.jamendo.com/track/1473852','Midnight Media','2017-08-23 00:00:00','http://jamen.do/t/1473852','https://mp3d.jamendo.com/download/track/1473852/mp32/','http://creativecommons.org/licenses/by-nc-sa/3.0/','https://imgjam2.jamendo.com/albums/s170/170607/covers/1.200.jpg',308,3,356416,'Ghosts In The Night',1473852,'2017-08-24 09:01:40','2017-08-24 09:47:48'),('Midnight_Media','','https://mp3l.jamendo.com/?trackid=1473853&format=mp31&from=app-4e3f05b4','The Book Of Sacred Words',170607,'https://imgjam1.jamendo.com/albums/s170/170607/covers/1.200.jpg','http://www.jamendo.com/track/1473853','Midnight Media','2017-08-23 00:00:00','http://jamen.do/t/1473853','https://mp3d.jamendo.com/download/track/1473853/mp32/','http://creativecommons.org/licenses/by-nc-sa/3.0/','https://imgjam1.jamendo.com/albums/s170/170607/covers/1.200.jpg',348,8,356416,'Ghosts In The Night',1473853,'2017-08-24 09:01:40','2017-08-24 09:47:48'),('Midnight_Media','','https://mp3l.jamendo.com/?trackid=1473854&format=mp31&from=app-4e3f05b4','Apparition',170607,'https://imgjam2.jamendo.com/albums/s170/170607/covers/1.200.jpg','http://www.jamendo.com/track/1473854','Midnight Media','2017-08-23 00:00:00','http://jamen.do/t/1473854','https://mp3d.jamendo.com/download/track/1473854/mp32/','http://creativecommons.org/licenses/by-nc-sa/3.0/','https://imgjam2.jamendo.com/albums/s170/170607/covers/1.200.jpg',304,4,356416,'Ghosts In The Night',1473854,'2017-08-24 09:01:40','2017-08-24 09:47:48'),('Midnight_Media','','https://mp3l.jamendo.com/?trackid=1473855&format=mp31&from=app-4e3f05b4','Waiting For The Morning',170607,'https://imgjam1.jamendo.com/albums/s170/170607/covers/1.200.jpg','http://www.jamendo.com/track/1473855','Midnight Media','2017-08-23 00:00:00','http://jamen.do/t/1473855','https://mp3d.jamendo.com/download/track/1473855/mp32/','http://creativecommons.org/licenses/by-nc-sa/3.0/','https://imgjam1.jamendo.com/albums/s170/170607/covers/1.200.jpg',415,6,356416,'Ghosts In The Night',1473855,'2017-08-24 09:01:40','2017-08-24 09:47:48'),('NGordy_(2)','','https://mp3l.jamendo.com/?trackid=1473863&format=mp31&from=app-4e3f05b4','Dron In Flight',0,'','http://www.jamendo.com/track/1473863','Nick Gordy','2017-08-23 00:00:00','http://jamen.do/t/1473863','https://mp3d.jamendo.com/download/track/1473863/mp32/','http://creativecommons.org/licenses/by-nc-sa/3.0/','https://imgjam1.jamendo.com/track/s1473/1473863/covers/1.200.jpg',196,322,478536,'',1473863,'2017-08-24 09:01:40','2017-08-24 09:47:48'),('SoLaRiS_(5)','','https://mp3l.jamendo.com/?trackid=1473864&format=mp31&from=app-4e3f05b4','Spacial Eyes',170609,'https://imgjam2.jamendo.com/albums/s170/170609/covers/1.200.jpg','http://www.jamendo.com/track/1473864','SoLaRiS','2017-08-23 00:00:00','http://jamen.do/t/1473864','https://mp3d.jamendo.com/download/track/1473864/mp32/','http://creativecommons.org/licenses/by-nc-sa/3.0/','https://imgjam2.jamendo.com/albums/s170/170609/covers/1.200.jpg',259,1,337741,'Starsurfer',1473864,'2017-08-24 09:01:40','2017-08-24 09:47:48'),('SoLaRiS_(5)','','https://mp3l.jamendo.com/?trackid=1473865&format=mp31&from=app-4e3f05b4','Bellistique',170609,'https://imgjam2.jamendo.com/albums/s170/170609/covers/1.200.jpg','http://www.jamendo.com/track/1473865','SoLaRiS','2017-08-23 00:00:00','http://jamen.do/t/1473865','https://mp3d.jamendo.com/download/track/1473865/mp32/','http://creativecommons.org/licenses/by-nc-sa/3.0/','https://imgjam2.jamendo.com/albums/s170/170609/covers/1.200.jpg',115,5,337741,'Starsurfer',1473865,'2017-08-24 09:01:40','2017-08-24 09:47:48'),('Luka_Tanz','','https://mp3l.jamendo.com/?trackid=1473866&format=mp31&from=app-4e3f05b4','Rinascita',0,'','http://www.jamendo.com/track/1473866','Luka Tanz','2017-08-23 00:00:00','http://jamen.do/t/1473866','https://mp3d.jamendo.com/download/track/1473866/mp32/','http://creativecommons.org/licenses/by-sa/3.0/','https://imgjam2.jamendo.com/track/s1473/1473866/covers/1.200.jpg',197,6,502488,'',1473866,'2017-08-24 09:01:40','2017-08-24 09:47:48'),('neelps_sevals_fo_noitareneg.wen.A_dnuos_eht_ediH','','https://mp3l.jamendo.com/?trackid=1473867&format=mp31&from=app-4e3f05b4','color sun',0,'','http://www.jamendo.com/track/1473867','slavesspleensteam','2017-08-23 00:00:00','http://jamen.do/t/1473867','https://mp3d.jamendo.com/download/track/1473867/mp32/','http://creativecommons.org/licenses/by-nc-nd/3.0/','https://imgjam1.jamendo.com/track/s1473/1473867/covers/1.200.jpg',404,9,502336,'',1473867,'2017-08-24 09:01:40','2017-08-24 09:47:48'),('Monster','','https://mp3l.jamendo.com/?trackid=1473868&format=mp31&from=app-4e3f05b4','Dancefloor (Dance Night)',0,'','http://www.jamendo.com/track/1473868','Monster','2017-08-23 00:00:00','http://jamen.do/t/1473868','https://mp3d.jamendo.com/download/track/1473868/mp32/','http://creativecommons.org/licenses/by-nc-nd/3.0/','https://imgjam1.jamendo.com/track/s1473/1473868/covers/1.200.jpg',179,3,502493,'',1473868,'2017-08-24 09:01:40','2017-08-24 09:47:48'),('_(690)','','https://mp3l.jamendo.com/?trackid=1473869&format=mp31&from=app-4e3f05b4','Постлюдия №24 (es-moll)',0,'','http://www.jamendo.com/track/1473869','Гареев Артем Равилевич','2017-08-23 00:00:00','http://jamen.do/t/1473869','https://mp3d.jamendo.com/download/track/1473869/mp32/','http://creativecommons.org/licenses/by-nc/3.0/','https://imgjam2.jamendo.com/track/s1473/1473869/covers/1.200.jpg',184,131,488575,'',1473869,'2017-08-24 09:01:40','2017-08-24 09:47:48'),('David_Greefs','','https://mp3l.jamendo.com/?trackid=1473870&format=mp31&from=app-4e3f05b4','a carefree day',170610,'https://imgjam2.jamendo.com/albums/s170/170610/covers/1.200.jpg','http://www.jamendo.com/track/1473870','David Greefs','2017-08-23 00:00:00','http://jamen.do/t/1473870','https://mp3d.jamendo.com/download/track/1473870/mp32/','http://creativecommons.org/licenses/by-nc-sa/3.0/','https://imgjam2.jamendo.com/albums/s170/170610/covers/1.200.jpg',140,1,440859,'morphing code',1473870,'2017-08-24 09:01:40','2017-08-24 09:47:48'),('David_Greefs','','https://mp3l.jamendo.com/?trackid=1473871&format=mp31&from=app-4e3f05b4','game of love',170610,'https://imgjam2.jamendo.com/albums/s170/170610/covers/1.200.jpg','http://www.jamendo.com/track/1473871','David Greefs','2017-08-23 00:00:00','http://jamen.do/t/1473871','https://mp3d.jamendo.com/download/track/1473871/mp32/','http://creativecommons.org/licenses/by-nc-sa/3.0/','https://imgjam2.jamendo.com/albums/s170/170610/covers/1.200.jpg',254,2,440859,'morphing code',1473871,'2017-08-24 09:01:40','2017-08-24 09:47:48'),('David_Greefs','','https://mp3l.jamendo.com/?trackid=1473872&format=mp31&from=app-4e3f05b4','largomatic base',170610,'https://imgjam2.jamendo.com/albums/s170/170610/covers/1.200.jpg','http://www.jamendo.com/track/1473872','David Greefs','2017-08-23 00:00:00','http://jamen.do/t/1473872','https://mp3d.jamendo.com/download/track/1473872/mp32/','http://creativecommons.org/licenses/by-nc-sa/3.0/','https://imgjam2.jamendo.com/albums/s170/170610/covers/1.200.jpg',186,3,440859,'morphing code',1473872,'2017-08-24 09:01:40','2017-08-24 09:47:48'),('David_Greefs','','https://mp3l.jamendo.com/?trackid=1473873&format=mp31&from=app-4e3f05b4','the Dugglebeat',170610,'https://imgjam2.jamendo.com/albums/s170/170610/covers/1.200.jpg','http://www.jamendo.com/track/1473873','David Greefs','2017-08-23 00:00:00','http://jamen.do/t/1473873','https://mp3d.jamendo.com/download/track/1473873/mp32/','http://creativecommons.org/licenses/by-nc-sa/3.0/','https://imgjam2.jamendo.com/albums/s170/170610/covers/1.200.jpg',164,5,440859,'morphing code',1473873,'2017-08-24 09:01:40','2017-08-24 09:47:48'),('David_Greefs','','https://mp3l.jamendo.com/?trackid=1473874&format=mp31&from=app-4e3f05b4','new room acid',170610,'https://imgjam2.jamendo.com/albums/s170/170610/covers/1.200.jpg','http://www.jamendo.com/track/1473874','David Greefs','2017-08-23 00:00:00','http://jamen.do/t/1473874','https://mp3d.jamendo.com/download/track/1473874/mp32/','http://creativecommons.org/licenses/by-nc-sa/3.0/','https://imgjam2.jamendo.com/albums/s170/170610/covers/1.200.jpg',271,4,440859,'morphing code',1473874,'2017-08-24 09:01:40','2017-08-24 09:47:48'),('Cem_Music_Project','','https://mp3l.jamendo.com/?trackid=1473875&format=mp31&from=app-4e3f05b4','Minimal Epic - Orchestral Version',0,'','http://www.jamendo.com/track/1473875','Marc Corominas Pujadó','2017-08-23 00:00:00','http://jamen.do/t/1473875','https://mp3d.jamendo.com/download/track/1473875/mp32/','http://creativecommons.org/licenses/by-nc-sa/3.0/','https://imgjam1.jamendo.com/track/s1473/1473875/covers/1.200.jpg',89,360,485950,'',1473875,'2017-08-24 09:01:40','2017-08-24 09:47:48'),('Cem_Music_Project','','https://mp3l.jamendo.com/?trackid=1473876&format=mp31&from=app-4e3f05b4','Minimal Epic - Piano Version',0,'','http://www.jamendo.com/track/1473876','Marc Corominas Pujadó','2017-08-23 00:00:00','http://jamen.do/t/1473876','https://mp3d.jamendo.com/download/track/1473876/mp32/','http://creativecommons.org/licenses/by-nc-sa/3.0/','https://imgjam2.jamendo.com/track/s1473/1473876/covers/1.200.jpg',89,361,485950,'',1473876,'2017-08-24 09:01:40','2017-08-24 09:47:48'),('Nick_Orsa','','https://mp3l.jamendo.com/?trackid=1473877&format=mp31&from=app-4e3f05b4','Kalevala Legend #2',0,'','http://www.jamendo.com/track/1473877','Lena Orsa, Composer','2017-08-23 00:00:00','http://jamen.do/t/1473877','https://mp3d.jamendo.com/download/track/1473877/mp32/','http://creativecommons.org/licenses/by-nc-nd/3.0/','https://imgjam2.jamendo.com/track/s1473/1473877/covers/1.200.jpg',219,16,494690,'',1473877,'2017-08-24 09:01:40','2017-08-24 09:47:48'),('Orpheus_(2)','','https://mp3l.jamendo.com/?trackid=1473878&format=mp31&from=app-4e3f05b4','Odio la domenica-2017-rmx',0,'','http://www.jamendo.com/track/1473878','Orpheus','2017-08-23 00:00:00','http://jamen.do/t/1473878','https://mp3d.jamendo.com/download/track/1473878/mp32/','http://creativecommons.org/licenses/by-nc-sa/3.0/','https://imgjam2.jamendo.com/track/s1473/1473878/covers/1.200.jpg',344,93,492679,'',1473878,'2017-08-24 09:01:40','2017-08-24 09:47:48'),('Christos_Anestopoulos','','https://mp3l.jamendo.com/?trackid=1473880&format=mp31&from=app-4e3f05b4','BACH CELLO SUITE No1 PRELUDE IN G',0,'','http://www.jamendo.com/track/1473880','Christos Anestopoulos','2017-08-23 00:00:00','http://jamen.do/t/1473880','https://mp3d.jamendo.com/download/track/1473880/mp32/','http://creativecommons.org/licenses/by-nc-nd/3.0/','https://imgjam2.jamendo.com/track/s1473/1473880/covers/1.200.jpg',148,1,499479,'',1473880,'2017-08-24 09:01:40','2017-08-24 09:47:48'),('Orpheus_(2)','','https://mp3l.jamendo.com/?trackid=1473881&format=mp31&from=app-4e3f05b4','Una storia tutta da ridere-Classic-2017-rmx',0,'','http://www.jamendo.com/track/1473881','Orpheus','2017-08-23 00:00:00','http://jamen.do/t/1473881','https://mp3d.jamendo.com/download/track/1473881/mp32/','http://creativecommons.org/licenses/by-nc-sa/3.0/','https://imgjam1.jamendo.com/track/s1473/1473881/covers/1.200.jpg',384,94,492679,'',1473881,'2017-08-24 09:01:40','2017-08-24 09:47:48'),('Orpheus_(2)','','https://mp3l.jamendo.com/?trackid=1473882&format=mp31&from=app-4e3f05b4','Semplicemente fantastico-2017-rmx',0,'','http://www.jamendo.com/track/1473882','Orpheus','2017-08-23 00:00:00','http://jamen.do/t/1473882','https://mp3d.jamendo.com/download/track/1473882/mp32/','http://creativecommons.org/licenses/by-nc-sa/3.0/','https://imgjam2.jamendo.com/track/s1473/1473882/covers/1.200.jpg',227,95,492679,'',1473882,'2017-08-24 09:01:40','2017-08-24 09:47:48'),('Orpheus_(2)','','https://mp3l.jamendo.com/?trackid=1473883&format=mp31&from=app-4e3f05b4','Fuggi con me-2017-rmx',0,'','http://www.jamendo.com/track/1473883','Orpheus','2017-08-24 00:00:00','http://jamen.do/t/1473883','https://mp3d.jamendo.com/download/track/1473883/mp32/','http://creativecommons.org/licenses/by-nc-sa/3.0/','https://imgjam1.jamendo.com/track/s1473/1473883/covers/1.200.jpg',311,96,492679,'',1473883,'2017-08-24 09:01:40','2017-08-24 09:47:48'),('Orpheus_(2)','','https://mp3l.jamendo.com/?trackid=1473884&format=mp31&from=app-4e3f05b4','Quando un bruco muore-2017-rmx',0,'','http://www.jamendo.com/track/1473884','Orpheus','2017-08-24 00:00:00','http://jamen.do/t/1473884','https://mp3d.jamendo.com/download/track/1473884/mp32/','http://creativecommons.org/licenses/by-nc-sa/3.0/','https://imgjam2.jamendo.com/track/s1473/1473884/covers/1.200.jpg',288,97,492679,'',1473884,'2017-08-24 09:01:40','2017-08-24 09:47:48'),('Orpheus_(2)','','https://mp3l.jamendo.com/?trackid=1473885&format=mp31&from=app-4e3f05b4','Amore Stalker-rmx',0,'','http://www.jamendo.com/track/1473885','Orpheus','2017-08-24 00:00:00','http://jamen.do/t/1473885','https://mp3d.jamendo.com/download/track/1473885/mp32/','http://creativecommons.org/licenses/by-nc-sa/3.0/','https://imgjam2.jamendo.com/track/s1473/1473885/covers/1.200.jpg',228,98,492679,'',1473885,'2017-08-24 09:01:40','2017-08-24 09:47:48'),('Orpheus_(2)','','https://mp3l.jamendo.com/?trackid=1473886&format=mp31&from=app-4e3f05b4','2=1-NightClub-rmx',0,'','http://www.jamendo.com/track/1473886','Orpheus','2017-08-24 00:00:00','http://jamen.do/t/1473886','https://mp3d.jamendo.com/download/track/1473886/mp32/','http://creativecommons.org/licenses/by-nc-sa/3.0/','https://imgjam1.jamendo.com/track/s1473/1473886/covers/1.200.jpg',344,99,492679,'',1473886,'2017-08-24 09:01:40','2017-08-24 09:47:48'),('Orpheus_(2)','','https://mp3l.jamendo.com/?trackid=1473887&format=mp31&from=app-4e3f05b4','Una storia tutta da ridere2017-Rock(Piano)-rmx',0,'','http://www.jamendo.com/track/1473887','Orpheus','2017-08-24 00:00:00','http://jamen.do/t/1473887','https://mp3d.jamendo.com/download/track/1473887/mp32/','http://creativecommons.org/licenses/by-nc-sa/3.0/','https://imgjam2.jamendo.com/track/s1473/1473887/covers/1.200.jpg',379,100,492679,'',1473887,'2017-08-24 09:01:40','2017-08-24 09:47:48'),('Orpheus_(2)','','https://mp3l.jamendo.com/?trackid=1473888&format=mp31&from=app-4e3f05b4','Nessun dorma-2017-rmx',0,'','http://www.jamendo.com/track/1473888','Orpheus','2017-08-24 00:00:00','http://jamen.do/t/1473888','https://mp3d.jamendo.com/download/track/1473888/mp32/','http://creativecommons.org/licenses/by-nc-sa/3.0/','https://imgjam1.jamendo.com/track/s1473/1473888/covers/1.200.jpg',252,101,492679,'',1473888,'2017-08-24 09:01:40','2017-08-24 09:47:48'),('Orpheus_(2)','','https://mp3l.jamendo.com/?trackid=1473890&format=mp31&from=app-4e3f05b4','Digiuno-2017-rmx',0,'','http://www.jamendo.com/track/1473890','Orpheus','2017-08-24 00:00:00','http://jamen.do/t/1473890','https://mp3d.jamendo.com/download/track/1473890/mp32/','http://creativecommons.org/licenses/by-nc-sa/3.0/','https://imgjam2.jamendo.com/track/s1473/1473890/covers/1.200.jpg',174,102,492679,'',1473890,'2017-08-24 09:01:40','2017-08-24 09:47:48'),('Orpheus_(2)','','https://mp3l.jamendo.com/?trackid=1473891&format=mp31&from=app-4e3f05b4','Celeste Aida-2017-Verdi-rmx',0,'','http://www.jamendo.com/track/1473891','Orpheus','2017-08-24 00:00:00','http://jamen.do/t/1473891','https://mp3d.jamendo.com/download/track/1473891/mp32/','http://creativecommons.org/licenses/by-nc-sa/3.0/','https://imgjam2.jamendo.com/track/s1473/1473891/covers/1.200.jpg',344,103,492679,'',1473891,'2017-08-24 09:01:40','2017-08-24 09:47:48'),('MaaBo_(3)','','https://mp3l.jamendo.com/?trackid=1473892&format=mp31&from=app-4e3f05b4','Paisaje en Blanco',0,'','http://www.jamendo.com/track/1473892','Miguel Angel Albentosa Bó (MaaBo)','2017-08-24 00:00:00','http://jamen.do/t/1473892','https://mp3d.jamendo.com/download/track/1473892/mp32/','http://creativecommons.org/licenses/by-nc-nd/3.0/','https://imgjam1.jamendo.com/track/s1473/1473892/covers/1.200.jpg',235,291,486442,'',1473892,'2017-08-24 09:01:40','2017-08-24 09:47:48'),('dj_no_comment','','https://mp3l.jamendo.com/?trackid=1473893&format=mp31&from=app-4e3f05b4','DJ NO COMMENT Scream',0,'','http://www.jamendo.com/track/1473893','Dj no comment','2017-08-24 00:00:00','http://jamen.do/t/1473893','https://mp3d.jamendo.com/download/track/1473893/mp32/','http://creativecommons.org/licenses/by-sa/3.0/','https://imgjam2.jamendo.com/track/s1473/1473893/covers/1.200.jpg',484,87,349265,'',1473893,'2017-08-24 09:01:40','2017-08-24 09:47:48'),('Pojki','','https://mp3l.jamendo.com/?trackid=1473894&format=mp31&from=app-4e3f05b4','szeig',0,'','http://www.jamendo.com/track/1473894','P.o','2017-08-24 00:00:00','http://jamen.do/t/1473894','https://mp3d.jamendo.com/download/track/1473894/mp32/','http://creativecommons.org/licenses/by-nc-sa/3.0/','https://imgjam2.jamendo.com/track/s1473/1473894/covers/1.200.jpg',211,189,486231,'',1473894,'2017-08-24 09:01:40','2017-08-24 09:47:48'),('Pele-Mele_Guitares','','https://mp3l.jamendo.com/?trackid=1473895&format=mp31&from=app-4e3f05b4','15-Mes Yeux d\'enfant',0,'','http://www.jamendo.com/track/1473895','Pele Mele Guitares','2017-08-24 00:00:00','http://jamen.do/t/1473895','https://mp3d.jamendo.com/download/track/1473895/mp32/','http://creativecommons.org/licenses/by-nd/3.0/','https://imgjam2.jamendo.com/track/s1473/1473895/covers/1.200.jpg',329,16,502577,'',1473895,'2017-08-24 09:01:40','2017-08-24 09:47:48'),('FeetOnTheCool','','https://mp3l.jamendo.com/?trackid=1473897&format=mp31&from=app-4e3f05b4','Duorme Carm&egrave;-2017 (Strumental)-rmx',0,'','http://www.jamendo.com/track/1473897','michele candotti','2017-08-24 00:00:00','http://jamen.do/t/1473897','https://mp3d.jamendo.com/download/track/1473897/mp32/','http://creativecommons.org/licenses/by-nc-sa/3.0/','https://imgjam2.jamendo.com/track/s1473/1473897/covers/1.200.jpg',180,38,443919,'',1473897,'2017-08-24 09:01:40','2017-08-24 09:47:48'),('FeetOnTheCool','','https://mp3l.jamendo.com/?trackid=1473898&format=mp31&from=app-4e3f05b4','Sunrise-2017-rmx',0,'','http://www.jamendo.com/track/1473898','michele candotti','2017-08-24 00:00:00','http://jamen.do/t/1473898','https://mp3d.jamendo.com/download/track/1473898/mp32/','http://creativecommons.org/licenses/by-nc-sa/3.0/','https://imgjam2.jamendo.com/track/s1473/1473898/covers/1.200.jpg',284,39,443919,'',1473898,'2017-08-24 09:01:40','2017-08-24 09:47:48');
/*!40000 ALTER TABLE `fetch_track` ENABLE KEYS */;
UNLOCK TABLES;
/*!40103 SET TIME_ZONE=@OLD_TIME_ZONE */;

/*!40101 SET SQL_MODE=@OLD_SQL_MODE */;
/*!40014 SET FOREIGN_KEY_CHECKS=@OLD_FOREIGN_KEY_CHECKS */;
/*!40014 SET UNIQUE_CHECKS=@OLD_UNIQUE_CHECKS */;
/*!40101 SET CHARACTER_SET_CLIENT=@OLD_CHARACTER_SET_CLIENT */;
/*!40101 SET CHARACTER_SET_RESULTS=@OLD_CHARACTER_SET_RESULTS */;
/*!40101 SET COLLATION_CONNECTION=@OLD_COLLATION_CONNECTION */;
/*!40111 SET SQL_NOTES=@OLD_SQL_NOTES */;

-- Dump completed on 2017-08-24 15:36:15
